subzone_code,subzone_name,planning_area,region,geometry_type
BMSZ12,DEPOT ROAD,BUKIT MERAH,CENTRAL REGION,Polygon
BMSZ02,BUKIT MERAH,BUKIT MERAH,CENTRAL REGION,Polygon
OTSZ03,CHINATOWN,OUTRAM,CENTRAL REGION,Polygon
DTSZ04,PHILLIP,DOWNTOWN CORE,CENTRAL REGION,Polygon
DTSZ05,RAFFLES PLACE,DOWNTOWN CORE,CENTRAL REGION,Polygon
OTSZ04,CHINA SQUARE,OUTRAM,CENTRAL REGION,Polygon
BMSZ10,TIONG BAHRU,BUKIT MERAH,CENTRAL REGION,Polygon
DTSZ12,BAYFRONT SUBZONE,DOWNTOWN CORE,CENTRAL REGION,Polygon
BMSZ04,TIONG BAHRU STATION,BUKIT MERAH,CENTRAL REGION,Polygon
DTSZ06,CLIFFORD PIER,DOWNTOWN CORE,CENTRAL REGION,Polygon
MSSZ01,MARINA SOUTH,MARINA SOUTH,CENTRAL REGION,Polygon
DTSZ13,NICOLL,DOWNTOWN CORE,CENTRAL REGION,Polygon
MESZ01,MARINA EAST,MARINA EAST,CENTRAL REGION,Polygon
RVSZ05,INSTITUTION HILL,RIVER VALLEY,CENTRAL REGION,Polygon
SRSZ01,ROBERTSON QUAY,SINGAPORE RIVER,CENTRAL REGION,Polygon
WISZ01,JURONG ISLAND AND BUKOM,WESTERN ISLANDS,WEST REGION,MultiPolygon
MUSZ02,FORT CANNING,MUSEUM,CENTRAL REGION,Polygon
OTSZ01,PEARL'S HILL,OUTRAM,CENTRAL REGION,Polygon
SRSZ03,BOAT QUAY,SINGAPORE RIVER,CENTRAL REGION,Polygon
BMSZ08,HENDERSON HILL,BUKIT MERAH,CENTRAL REGION,Polygon
BMSZ03,REDHILL,BUKIT MERAH,CENTRAL REGION,Polygon
BMSZ07,ALEXANDRA HILL,BUKIT MERAH,CENTRAL REGION,Polygon
BMSZ09,BUKIT HO SWEE,BUKIT MERAH,CENTRAL REGION,Polygon
SRSZ02,CLARKE QUAY,SINGAPORE RIVER,CENTRAL REGION,Polygon
QTSZ13,PASIR PANJANG 1,QUEENSTOWN,CENTRAL REGION,Polygon
QTSZ07,QUEENSWAY,QUEENSTOWN,CENTRAL REGION,Polygon
MPSZ05,MARINA EAST (MP),MARINE PARADE,CENTRAL REGION,Polygon
WISZ03,SUDONG,WESTERN ISLANDS,WEST REGION,MultiPolygon
WISZ02,SEMAKAU,WESTERN ISLANDS,WEST REGION,MultiPolygon
SISZ02,SOUTHERN GROUP,SOUTHERN ISLANDS,CENTRAL REGION,MultiPolygon
SISZ01,SENTOSA,SOUTHERN ISLANDS,CENTRAL REGION,MultiPolygon
BMSZ17,CITY TERMINALS,BUKIT MERAH,CENTRAL REGION,Polygon
DTSZ10,ANSON,DOWNTOWN CORE,CENTRAL REGION,Polygon
SVSZ01,STRAITS VIEW,STRAITS VIEW,CENTRAL REGION,Polygon
BMSZ01,MARITIME SQUARE,BUKIT MERAH,CENTRAL REGION,Polygon
BMSZ15,TELOK BLANGAH RISE,BUKIT MERAH,CENTRAL REGION,Polygon
DTSZ09,TANJONG PAGAR,DOWNTOWN CORE,CENTRAL REGION,Polygon
BMSZ16,EVERTON PARK,BUKIT MERAH,CENTRAL REGION,Polygon
BMSZ14,TELOK BLANGAH WAY,BUKIT MERAH,CENTRAL REGION,Polygon
DTSZ07,MAXWELL,DOWNTOWN CORE,CENTRAL REGION,Polygon
DTSZ08,CECIL,DOWNTOWN CORE,CENTRAL REGION,Polygon
BMSZ11,KAMPONG TIONG BAHRU,BUKIT MERAH,CENTRAL REGION,Polygon
BMSZ13,TELOK BLANGAH DRIVE,BUKIT MERAH,CENTRAL REGION,Polygon
QTSZ14,PASIR PANJANG 2,QUEENSTOWN,CENTRAL REGION,Polygon
DTSZ11,CENTRAL SUBZONE,DOWNTOWN CORE,CENTRAL REGION,Polygon
BMSZ05,SINGAPORE GENERAL HOSPITAL,BUKIT MERAH,CENTRAL REGION,Polygon
DTSZ01,BUGIS,DOWNTOWN CORE,CENTRAL REGION,Polygon
RCSZ10,VICTORIA,ROCHOR,CENTRAL REGION,Polygon
RVSZ02,PATERSON,RIVER VALLEY,CENTRAL REGION,Polygon
MPSZ04,EAST COAST,MARINE PARADE,CENTRAL REGION,Polygon
QTSZ11,NATIONAL UNIVERSITY OF S'PORE,QUEENSTOWN,CENTRAL REGION,Polygon
RVSZ01,ONE TREE HILL,RIVER VALLEY,CENTRAL REGION,Polygon
QTSZ03,COMMONWEALTH,QUEENSTOWN,CENTRAL REGION,Polygon
QTSZ10,DOVER,QUEENSTOWN,CENTRAL REGION,Polygon
TNSZ03,RIDOUT,TANGLIN,CENTRAL REGION,Polygon
NTSZ04,CAIRNHILL,NEWTON,CENTRAL REGION,Polygon
CLSZ08,CLEMENTI WEST,CLEMENTI,WEST REGION,Polygon
NTSZ05,MONK'S HILL,NEWTON,CENTRAL REGION,Polygon
BDSZ07,SIGLAP,BEDOK,EAST REGION,Polygon
CLSZ07,CLEMENTI WOODS,CLEMENTI,WEST REGION,Polygon
PNSZ05,PIONEER SECTOR,PIONEER,WEST REGION,Polygon
JESZ11,PENJURU CRESCENT,JURONG EAST,WEST REGION,Polygon
NTSZ01,ORANGE GROVE,NEWTON,CENTRAL REGION,Polygon
KLSZ04,KAMPONG BUGIS,KALLANG,CENTRAL REGION,Polygon
QTSZ12,KENT RIDGE,QUEENSTOWN,CENTRAL REGION,Polygon
BMSZ06,ALEXANDRA NORTH,BUKIT MERAH,CENTRAL REGION,Polygon
QTSZ04,TANGLIN HALT,QUEENSTOWN,CENTRAL REGION,Polygon
RCSZ06,MACKENZIE,ROCHOR,CENTRAL REGION,Polygon
RCSZ03,SUNGEI ROAD,ROCHOR,CENTRAL REGION,Polygon
QTSZ08,ONE NORTH,QUEENSTOWN,CENTRAL REGION,Polygon
KLSZ05,TANJONG RHU,KALLANG,CENTRAL REGION,Polygon
MPSZ02,KATONG,MARINE PARADE,CENTRAL REGION,Polygon
ORSZ02,BOULEVARD,ORCHARD,CENTRAL REGION,Polygon
NTSZ06,ISTANA NEGARA,NEWTON,CENTRAL REGION,Polygon
RCSZ02,LITTLE INDIA,ROCHOR,CENTRAL REGION,Polygon
PNSZ04,GUL BASIN,PIONEER,WEST REGION,Polygon
DTSZ03,MARINA CENTRE,DOWNTOWN CORE,CENTRAL REGION,Polygon
MUSZ03,BRAS BASAH,MUSEUM,CENTRAL REGION,Polygon
ORSZ03,SOMERSET,ORCHARD,CENTRAL REGION,Polygon
RCSZ09,BENCOOLEN,ROCHOR,CENTRAL REGION,Polygon
TNSZ02,CHATSWORTH,TANGLIN,CENTRAL REGION,Polygon
RCSZ05,KAMPONG GLAM,ROCHOR,CENTRAL REGION,Polygon
RCSZ08,SELEGIE,ROCHOR,CENTRAL REGION,Polygon
RCSZ07,MOUNT EMILY,ROCHOR,CENTRAL REGION,Polygon
RCSZ04,ROCHOR CANAL,ROCHOR,CENTRAL REGION,Polygon
QTSZ05,MARGARET DRIVE,QUEENSTOWN,CENTRAL REGION,Polygon
RVSZ04,OXLEY,RIVER VALLEY,CENTRAL REGION,Polygon
DTSZ02,CITY HALL,DOWNTOWN CORE,CENTRAL REGION,Polygon
QTSZ06,MEI CHIN,QUEENSTOWN,CENTRAL REGION,Polygon
RVSZ03,LEONIE HILL,RIVER VALLEY,CENTRAL REGION,Polygon
QTSZ15,PORT,QUEENSTOWN,CENTRAL REGION,Polygon
MUSZ01,DHOBY GHAUT,MUSEUM,CENTRAL REGION,Polygon
GLSZ02,MACPHERSON,GEYLANG,CENTRAL REGION,Polygon
TPSZ07,KIM KEAT,TOA PAYOH,CENTRAL REGION,Polygon
BDSZ04,BEDOK NORTH,BEDOK,EAST REGION,Polygon
TPSZ02,TOA PAYOH CENTRAL,TOA PAYOH,CENTRAL REGION,Polygon
JESZ06,JURONG GATEWAY,JURONG EAST,WEST REGION,Polygon
BTSZ03,HOLLAND ROAD,BUKIT TIMAH,CENTRAL REGION,Polygon
GLSZ03,KAMPONG UBI,GEYLANG,CENTRAL REGION,Polygon
TPSZ11,SENNETT,TOA PAYOH,CENTRAL REGION,Polygon
TPSZ09,POTONG PASIR,TOA PAYOH,CENTRAL REGION,Polygon
TSSZ03,TUAS NORTH,TUAS,WEST REGION,Polygon
TPSZ06,PEI CHUN,TOA PAYOH,CENTRAL REGION,Polygon
TPSZ04,BOON TECK,TOA PAYOH,CENTRAL REGION,Polygon
JWSZ06,KIAN TECK,JURONG WEST,WEST REGION,Polygon
JWSZ07,SAFTI,JURONG WEST,WEST REGION,Polygon
RCSZ01,FARRER PARK,ROCHOR,CENTRAL REGION,Polygon
NTSZ03,NEWTON CIRCUS,NEWTON,CENTRAL REGION,Polygon
JESZ10,JURONG PORT,JURONG EAST,WEST REGION,MultiPolygon
AMSZ01,ANG MO KIO TOWN CENTRE,ANG MO KIO,NORTH-EAST REGION,Polygon
AMSZ06,KEBUN BAHRU,ANG MO KIO,NORTH-EAST REGION,Polygon
SGSZ02,SERANGOON NORTH IND ESTATE,SERANGOON,NORTH-EAST REGION,Polygon
THSZ02,TENGAH INDUSTRIAL ESTATE,TENGAH,WEST REGION,Polygon
BLSZ03,SAMULUN,BOON LAY,WEST REGION,Polygon
BLSZ04,SHIPYARD,BOON LAY,WEST REGION,Polygon
QTSZ01,GHIM MOH,QUEENSTOWN,CENTRAL REGION,Polygon
KLSZ06,LAVENDER,KALLANG,CENTRAL REGION,Polygon
BDSZ05,FRANKEL,BEDOK,EAST REGION,Polygon
CLSZ04,CLEMENTI NORTH,CLEMENTI,WEST REGION,Polygon
BTSZ07,LEEDON PARK,BUKIT TIMAH,CENTRAL REGION,Polygon
GLSZ05,GEYLANG EAST,GEYLANG,CENTRAL REGION,Polygon
JESZ09,TEBAN GARDENS,JURONG EAST,WEST REGION,Polygon
JESZ08,JURONG RIVER,JURONG EAST,WEST REGION,Polygon
KLSZ02,GEYLANG BAHRU,KALLANG,CENTRAL REGION,Polygon
NTSZ02,GOODWOOD PARK,NEWTON,CENTRAL REGION,Polygon
CLSZ09,PANDAN,CLEMENTI,WEST REGION,Polygon
QTSZ09,SINGAPORE POLYTECHNIC,QUEENSTOWN,CENTRAL REGION,Polygon
CLSZ06,CLEMENTI CENTRAL,CLEMENTI,WEST REGION,Polygon
KLSZ07,KAMPONG JAVA,KALLANG,CENTRAL REGION,Polygon
KLSZ03,BOON KENG,KALLANG,CENTRAL REGION,Polygon
KLSZ08,KALLANG BAHRU,KALLANG,CENTRAL REGION,Polygon
BTSZ04,ULU PANDAN,BUKIT TIMAH,CENTRAL REGION,Polygon
BTSZ08,FARRER COURT,BUKIT TIMAH,CENTRAL REGION,Polygon
TNSZ01,NASSIM,TANGLIN,CENTRAL REGION,Polygon
CLSZ05,WEST COAST,CLEMENTI,WEST REGION,Polygon
BDSZ08,BAYSHORE,BEDOK,EAST REGION,Polygon
PNSZ03,BENOI SECTOR,PIONEER,WEST REGION,Polygon
PNSZ02,GUL CIRCLE,PIONEER,WEST REGION,Polygon
TNSZ04,TYERSALL,TANGLIN,CENTRAL REGION,Polygon
NVSZ02,MOULMEIN,NOVENA,CENTRAL REGION,Polygon
BLSZ02,LIU FANG,BOON LAY,WEST REGION,Polygon
ORSZ01,TANGLIN,ORCHARD,CENTRAL REGION,Polygon
MPSZ03,MARINE PARADE,MARINE PARADE,CENTRAL REGION,Polygon
PNSZ01,JOO KOON,PIONEER,WEST REGION,Polygon
GLSZ01,KALLANG WAY,GEYLANG,CENTRAL REGION,Polygon
JESZ07,INTERNATIONAL BUSINESS PARK,JURONG EAST,WEST REGION,Polygon
BLSZ01,TUKANG,BOON LAY,WEST REGION,Polygon
BTSZ06,CORONATION ROAD,BUKIT TIMAH,CENTRAL REGION,Polygon
BDSZ03,KEMBANGAN,BEDOK,EAST REGION,Polygon
NVSZ04,DUNEARN,NOVENA,CENTRAL REGION,Polygon
CLSZ02,SUNSET WAY,CLEMENTI,WEST REGION,Polygon
BTSZ01,ANAK BUKIT,BUKIT TIMAH,CENTRAL REGION,Polygon
BTSZ02,SWISS CLUB,BUKIT TIMAH,CENTRAL REGION,Polygon
TMSZ05,XILIN,TAMPINES,EAST REGION,Polygon
CLSZ03,FABER,CLEMENTI,WEST REGION,Polygon
NVSZ03,MALCOLM,NOVENA,CENTRAL REGION,Polygon
BDSZ06,BEDOK SOUTH,BEDOK,EAST REGION,Polygon
HGSZ09,DEFU INDUSTRIAL PARK,HOUGANG,NORTH-EAST REGION,Polygon
CBSZ01,CHANGI BAY,CHANGI BAY,EAST REGION,MultiPolygon
PLSZ02,PAYA LEBAR EAST,PAYA LEBAR,EAST REGION,Polygon
BKSZ02,HONG KAH NORTH,BUKIT BATOK,WEST REGION,Polygon
HGSZ06,KOVAN,HOUGANG,NORTH-EAST REGION,Polygon
AMSZ03,CHONG BOON,ANG MO KIO,NORTH-EAST REGION,Polygon
SGSZ04,SERANGOON GARDEN,SERANGOON,NORTH-EAST REGION,Polygon
HGSZ01,HOUGANG CENTRAL,HOUGANG,NORTH-EAST REGION,Polygon
PRSZ07,LOYANG EAST,PASIR RIS,EAST REGION,Polygon
BPSZ06,DAIRY FARM,BUKIT PANJANG,WEST REGION,Polygon
PRSZ05,PASIR RIS DRIVE,PASIR RIS,EAST REGION,Polygon
TMSZ01,TAMPINES NORTH,TAMPINES,EAST REGION,Polygon
AMSZ02,CHENG SAN,ANG MO KIO,NORTH-EAST REGION,Polygon
AMSZ07,SEMBAWANG HILLS,ANG MO KIO,NORTH-EAST REGION,Polygon
BPSZ05,JELEBU,BUKIT PANJANG,WEST REGION,Polygon
CKSZ02,KEAT HONG,CHOA CHU KANG,WEST REGION,Polygon
KLSZ01,BENDEMEER,KALLANG,CENTRAL REGION,Polygon
NVSZ01,BALESTIER,NOVENA,CENTRAL REGION,Polygon
TSSZ02,TUAS PROMENADE,TUAS,WEST REGION,Polygon
SGSZ06,SERANGOON CENTRAL,SERANGOON,NORTH-EAST REGION,Polygon
BSSZ03,BISHAN EAST,BISHAN,CENTRAL REGION,Polygon
TMSZ03,TAMPINES WEST,TAMPINES,EAST REGION,Polygon
BKSZ03,BRICKWORKS,BUKIT BATOK,WEST REGION,Polygon
SGSZ03,SERANGOON NORTH,SERANGOON,NORTH-EAST REGION,Polygon
BKSZ04,GUILIN,BUKIT BATOK,WEST REGION,Polygon
JWSZ01,WENYA,JURONG WEST,WEST REGION,Polygon
BPSZ07,NATURE RESERVE,BUKIT PANJANG,WEST REGION,Polygon
TMSZ02,TAMPINES EAST,TAMPINES,EAST REGION,Polygon
HGSZ07,LORONG AH SOO,HOUGANG,NORTH-EAST REGION,Polygon
PRSZ08,FLORA DRIVE,PASIR RIS,EAST REGION,Polygon
BKSZ05,HILLVIEW,BUKIT BATOK,WEST REGION,Polygon
CLSZ01,TOH TUCK,CLEMENTI,WEST REGION,Polygon
NVSZ05,MOUNT PLEASANT,NOVENA,CENTRAL REGION,Polygon
BTSZ05,HILLCREST,BUKIT TIMAH,CENTRAL REGION,Polygon
TPSZ12,JOO SENG,TOA PAYOH,CENTRAL REGION,Polygon
JWSZ05,CHIN BEE,JURONG WEST,WEST REGION,Polygon
TPSZ05,LORONG 8 TOA PAYOH,TOA PAYOH,CENTRAL REGION,Polygon
JESZ03,TOH GUAN,JURONG EAST,WEST REGION,Polygon
TMSZ04,SIMEI,TAMPINES,EAST REGION,Polygon
JWSZ02,BOON LAY PLACE,JURONG WEST,WEST REGION,Polygon
BKSZ08,BUKIT BATOK EAST,BUKIT BATOK,WEST REGION,Polygon
BKSZ06,BUKIT BATOK WEST,BUKIT BATOK,WEST REGION,Polygon
BKSZ07,BUKIT BATOK CENTRAL,BUKIT BATOK,WEST REGION,Polygon
SGSZ07,UPPER PAYA LEBAR,SERANGOON,NORTH-EAST REGION,Polygon
HGSZ08,TAI SENG,HOUGANG,NORTH-EAST REGION,Polygon
TSSZ01,TENGEH,TUAS,WEST REGION,Polygon
JESZ01,YUHUA WEST,JURONG EAST,WEST REGION,Polygon
TPSZ03,BRADDELL,TOA PAYOH,CENTRAL REGION,Polygon
TPSZ10,BIDADARI,TOA PAYOH,CENTRAL REGION,Polygon
TPSZ08,WOODLEIGH,TOA PAYOH,CENTRAL REGION,Polygon
JWSZ04,TAMAN JURONG,JURONG WEST,WEST REGION,Polygon
JESZ04,LAKESIDE (LEISURE),JURONG EAST,WEST REGION,Polygon
TPSZ01,TOA PAYOH WEST,TOA PAYOH,CENTRAL REGION,Polygon
BDSZ01,KAKI BUKIT,BEDOK,EAST REGION,Polygon
JESZ02,YUHUA EAST,JURONG EAST,WEST REGION,Polygon
BKSZ09,BUKIT BATOK SOUTH,BUKIT BATOK,WEST REGION,Polygon
JWSZ09,JURONG WEST CENTRAL,JURONG WEST,WEST REGION,Polygon
BDSZ02,BEDOK RESERVOIR,BEDOK,EAST REGION,Polygon
YSSZ05,LOWER SELETAR,YISHUN,NORTH REGION,Polygon
PGSZ01,NORTHSHORE,PUNGGOL,NORTH-EAST REGION,Polygon
MDSZ03,MANDAI ESTATE,MANDAI,NORTH REGION,Polygon
YSSZ01,YISHUN CENTRAL,YISHUN,NORTH REGION,Polygon
PRSZ03,PASIR RIS CENTRAL,PASIR RIS,EAST REGION,Polygon
BKSZ01,GOMBAK,BUKIT BATOK,WEST REGION,Polygon
PLSZ01,PAYA LEBAR NORTH,PAYA LEBAR,EAST REGION,Polygon
HGSZ03,HOUGANG EAST,HOUGANG,NORTH-EAST REGION,Polygon
HGSZ10,LORONG HALUS,HOUGANG,NORTH-EAST REGION,Polygon
HGSZ02,KANGKAR,HOUGANG,NORTH-EAST REGION,Polygon
CHSZ02,CHANGI WEST,CHANGI,EAST REGION,Polygon
QTSZ02,HOLLAND DRIVE,QUEENSTOWN,CENTRAL REGION,Polygon
HGSZ04,HOUGANG WEST,HOUGANG,NORTH-EAST REGION,Polygon
PLSZ03,PAYA LEBAR WEST,PAYA LEBAR,EAST REGION,Polygon
BPSZ04,BANGKIT,BUKIT PANJANG,WEST REGION,Polygon
SESZ01,LORONG HALUS NORTH,SENGKANG,NORTH-EAST REGION,Polygon
CKSZ04,PENG SIANG,CHOA CHU KANG,WEST REGION,Polygon
PRSZ02,PASIR RIS WEST,PASIR RIS,EAST REGION,Polygon
AMSZ09,YIO CHU KANG WEST,ANG MO KIO,NORTH-EAST REGION,Polygon
CHSZ01,CHANGI POINT,CHANGI,EAST REGION,Polygon
SESZ03,SENGKANG TOWN CENTRE,SENGKANG,NORTH-EAST REGION,Polygon
SESZ04,ANCHORVALE,SENGKANG,NORTH-EAST REGION,Polygon
SESZ07,SENGKANG WEST,SENGKANG,NORTH-EAST REGION,Polygon
SESZ06,FERNVALE,SENGKANG,NORTH-EAST REGION,Polygon
PGSZ04,PUNGGOL FIELD,PUNGGOL,NORTH-EAST REGION,Polygon
CKSZ06,YEW TEE,CHOA CHU KANG,WEST REGION,Polygon
PRSZ01,PASIR RIS WAFER FAB PARK,PASIR RIS,EAST REGION,Polygon
HGSZ05,TRAFALGAR,HOUGANG,NORTH-EAST REGION,Polygon
CKSZ01,TECK WHYE,CHOA CHU KANG,WEST REGION,Polygon
CKSZ03,CHOA CHU KANG CENTRAL,CHOA CHU KANG,WEST REGION,Polygon
BPSZ03,FAJAR,BUKIT PANJANG,WEST REGION,Polygon
BPSZ01,SENJA,BUKIT PANJANG,WEST REGION,Polygon
BPSZ02,SAUJANA,BUKIT PANJANG,WEST REGION,Polygon
SGSZ01,SELETAR HILLS,SERANGOON,NORTH-EAST REGION,Polygon
SESZ05,COMPASSVALE,SENGKANG,NORTH-EAST REGION,Polygon
AMSZ12,YIO CHU KANG EAST,ANG MO KIO,NORTH-EAST REGION,Polygon
AMSZ10,YIO CHU KANG,ANG MO KIO,NORTH-EAST REGION,Polygon
PRSZ06,LOYANG WEST,PASIR RIS,EAST REGION,Polygon
AMSZ08,TAGORE,ANG MO KIO,NORTH-EAST REGION,Polygon
PRSZ04,PASIR RIS PARK,PASIR RIS,EAST REGION,Polygon
CKSZ05,CHOA CHU KANG NORTH,CHOA CHU KANG,WEST REGION,Polygon
SESZ02,RIVERVALE,SENGKANG,NORTH-EAST REGION,Polygon
AMSZ11,YIO CHU KANG NORTH,ANG MO KIO,NORTH-EAST REGION,Polygon
JWSZ08,YUNNAN,JURONG WEST,WEST REGION,Polygon
SGSZ05,LORONG CHUAN,SERANGOON,NORTH-EAST REGION,Polygon
JWSZ03,HONG KAH,JURONG WEST,WEST REGION,Polygon
SLSZ04,SELETAR,SELETAR,NORTH-EAST REGION,Polygon
SKSZ04,PANG SUA,SUNGEI KADUT,NORTH REGION,Polygon
SLSZ01,SELETAR AEROSPACE PARK,SELETAR,NORTH-EAST REGION,Polygon
YSSZ08,KHATIB,YISHUN,NORTH REGION,Polygon
MDSZ01,MANDAI WEST,MANDAI,NORTH REGION,Polygon
PGSZ07,CONEY ISLAND,PUNGGOL,NORTH-EAST REGION,Polygon
YSSZ04,YISHUN SOUTH,YISHUN,NORTH REGION,Polygon
SKSZ05,RESERVOIR VIEW,SUNGEI KADUT,NORTH REGION,Polygon
WDSZ03,WOODLANDS EAST,WOODLANDS,NORTH REGION,Polygon
SBSZ03,SEMBAWANG CENTRAL,SEMBAWANG,NORTH REGION,Polygon
WDSZ07,GREENWOOD PARK,WOODLANDS,NORTH REGION,Polygon
SBSZ01,SEMBAWANG EAST,SEMBAWANG,NORTH REGION,Polygon
WDSZ08,SENOKO WEST,WOODLANDS,NORTH REGION,Polygon
PGSZ03,MATILDA,PUNGGOL,NORTH-EAST REGION,Polygon
PGSZ05,WATERWAY EAST,PUNGGOL,NORTH-EAST REGION,Polygon
SKSZ03,GALI BATU,SUNGEI KADUT,NORTH REGION,Polygon
KLSZ09,CRAWFORD,KALLANG,CENTRAL REGION,Polygon
TSSZ04,TUAS BAY,TUAS,WEST REGION,Polygon
TSSZ05,TUAS VIEW,TUAS,WEST REGION,Polygon
WCSZ03,BAHAR,WESTERN WATER CATCHMENT,WEST REGION,Polygon
WCSZ02,CLEANTECH,WESTERN WATER CATCHMENT,WEST REGION,Polygon
JESZ05,LAKESIDE (BUSINESS),JURONG EAST,WEST REGION,Polygon
THSZ03,PARK,TENGAH,WEST REGION,Polygon
THSZ04,BRICKLAND,TENGAH,WEST REGION,Polygon
THSZ01,FOREST HILL,TENGAH,WEST REGION,Polygon
THSZ06,PLANTATION,TENGAH,WEST REGION,Polygon
THSZ05,GARDEN,TENGAH,WEST REGION,Polygon
PLSZ04,AIRPORT ROAD,PAYA LEBAR,EAST REGION,Polygon
WDSZ09,NORTH COAST,WOODLANDS,NORTH REGION,Polygon
YSSZ06,SPRINGLEAF,YISHUN,NORTH REGION,Polygon
PGSZ02,PUNGGOL TOWN CENTRE,PUNGGOL,NORTH-EAST REGION,Polygon
PGSZ06,PUNGGOL CANAL,PUNGGOL,NORTH-EAST REGION,Polygon
CCSZ01,CENTRAL WATER CATCHMENT,CENTRAL WATER CATCHMENT,NORTH REGION,Polygon
SBSZ06,SEMBAWANG STRAITS,SEMBAWANG,NORTH REGION,Polygon
SBSZ07,THE WHARVES,SEMBAWANG,NORTH REGION,Polygon
SBSZ08,SENOKO NORTH,SEMBAWANG,NORTH REGION,Polygon
CHSZ03,CHANGI AIRPORT,CHANGI,EAST REGION,Polygon
OTSZ02,PEOPLE'S PARK,OUTRAM,CENTRAL REGION,Polygon
MPSZ01,MOUNTBATTEN,MARINE PARADE,CENTRAL REGION,Polygon
GLSZ04,ALJUNIED,GEYLANG,CENTRAL REGION,Polygon
SLSZ03,PULAU PUNGGOL TIMOR,SELETAR,NORTH-EAST REGION,MultiPolygon
SKSZ02,TURF CLUB,SUNGEI KADUT,NORTH REGION,Polygon
WDSZ04,WOODLANDS SOUTH,WOODLANDS,NORTH REGION,Polygon
WDSZ05,WOODGROVE,WOODLANDS,NORTH REGION,Polygon
YSSZ03,YISHUN EAST,YISHUN,NORTH REGION,Polygon
WCSZ01,MURAI,WESTERN WATER CATCHMENT,WEST REGION,MultiPolygon
SLSZ02,PULAU PUNGGOL BARAT,SELETAR,NORTH-EAST REGION,Polygon
SMSZ04,PULAU SELETAR,SIMPANG,NORTH REGION,Polygon
SBSZ05,ADMIRALTY,SEMBAWANG,NORTH REGION,Polygon
LKSZ01,LIM CHU KANG,LIM CHU KANG,NORTH REGION,Polygon
SMSZ01,SIMPANG NORTH,SIMPANG,NORTH REGION,Polygon
SBSZ09,SENOKO SOUTH,SEMBAWANG,NORTH REGION,Polygon
SBSZ04,SEMBAWANG NORTH,SEMBAWANG,NORTH REGION,Polygon
SMSZ02,TANJONG IRAU,SIMPANG,NORTH REGION,Polygon
YSSZ09,YISHUN WEST,YISHUN,NORTH REGION,Polygon
WDSZ01,WOODLANDS REGIONAL CENTRE,WOODLANDS,NORTH REGION,Polygon
NESZ01,NORTH-EASTERN ISLANDS,NORTH-EASTERN ISLANDS,NORTH-EAST REGION,MultiPolygon
SMSZ03,SIMPANG SOUTH,SIMPANG,NORTH REGION,Polygon
YSSZ02,NORTHLAND,YISHUN,NORTH REGION,Polygon
WDSZ02,MIDVIEW,WOODLANDS,NORTH REGION,Polygon
WDSZ06,WOODLANDS WEST,WOODLANDS,NORTH REGION,Polygon
SBSZ02,SEMBAWANG SPRINGS,SEMBAWANG,NORTH REGION,Polygon
SKSZ01,KRANJI,SUNGEI KADUT,NORTH REGION,Polygon
PLSZ05,PLAB,PAYA LEBAR,EAST REGION,Polygon
MDSZ02,MANDAI EAST,MANDAI,NORTH REGION,Polygon
YSSZ07,NEE SOON,YISHUN,NORTH REGION,Polygon
BSSZ01,UPPER THOMSON,BISHAN,CENTRAL REGION,Polygon
AMSZ05,SHANGRI-LA,ANG MO KIO,NORTH-EAST REGION,Polygon
AMSZ04,TOWNSVILLE,ANG MO KIO,NORTH-EAST REGION,Polygon
BSSZ02,MARYMOUNT,BISHAN,CENTRAL REGION,Polygon
TSSZ06,TUAS VIEW EXTENSION,TUAS,WEST REGION,MultiPolygon
