planning_area,subzone,total,age_0_4,age_5_9,age_10_14,age_15_19,age_20_24,age_25_29,age_30_34,age_35_39,age_40_44,age_45_49,age_50_54,age_55_59,age_60_64,age_65_69,age_70_74,age_75_79,age_80_84,age_85_89,age_90_over,elderly_pop,elderly_pct
,TOTAL,4044210,183080,198740,206390,215230,244540,287000,297800,299520,299290,311740,296070,305830,284630,229400,170010,90990,66510,36590,20880,614380,0.1519
ANG MO KIO,ANG MO KIO TOWN CENTRE,4810,170,240,280,320,270,280,290,330,400,470,370,320,300,250,230,140,100,40,20,780,0.1622
ANG MO KIO,CHENG SAN,28070,1060,1040,1040,1160,1330,1710,2000,2150,2070,2200,2050,2120,2120,2170,1730,960,640,350,180,6030,0.2148
ANG MO KIO,CHONG BOON,26500,860,840,1010,1060,1310,1610,1890,1730,1800,1820,1900,2090,2140,2100,1800,1130,780,430,200,6440,0.243
ANG MO KIO,KEBUN BAHRU,22620,660,810,950,1010,1170,1420,1410,1450,1620,1790,1710,1800,1750,1690,1430,840,620,340,160,5080,0.2246
ANG MO KIO,SEMBAWANG HILLS,6850,210,310,400,460,500,500,350,310,370,550,540,550,480,410,370,230,150,100,60,1320,0.1927
ANG MO KIO,SHANGRI-LA,15960,550,560,640,710,860,980,1020,990,1010,1210,1200,1390,1270,1180,960,620,430,250,130,3570,0.2237
ANG MO KIO,TAGORE,7950,210,310,400,450,580,670,490,340,440,580,580,670,730,550,380,210,190,120,60,1510,0.1899
ANG MO KIO,TOWNSVILLE,21140,660,860,930,820,890,1310,1400,1410,1650,1560,1360,1580,1660,1530,1420,880,680,360,190,5060,0.2394
ANG MO KIO,YIO CHU KANG,20,0,0,0,0,0,0,0,0,0,0,0,0,0,0,0,0,0,0,0,0,0.0
ANG MO KIO,YIO CHU KANG EAST,4200,160,170,200,260,310,320,230,240,260,320,290,330,380,260,200,110,80,40,30,720,0.1714
ANG MO KIO,YIO CHU KANG WEST,24150,750,950,1190,1350,1460,1540,1400,1480,1720,1910,1850,1950,1910,1820,1400,640,480,250,110,4700,0.1946
BEDOK,BAYSHORE,7450,340,490,480,450,360,310,360,550,770,860,650,510,400,350,280,130,90,40,50,940,0.1262
BEDOK,BEDOK NORTH,81840,2710,3080,3440,4000,4760,5620,5280,5100,5670,5960,6030,6950,6560,5980,4920,2550,1740,970,540,16700,0.2041
BEDOK,BEDOK RESERVOIR,25470,1100,1270,1400,1510,1490,1600,1830,1900,2090,2110,1920,1840,1800,1550,1050,470,310,160,80,3620,0.1421
BEDOK,BEDOK SOUTH,46690,1430,1730,2120,2300,2740,3130,2920,2700,3050,3490,3430,3730,3740,3360,2820,1650,1230,720,410,10190,0.2182
BEDOK,FRANKEL,34490,1460,2060,2060,1810,1820,2050,2000,2360,2950,3180,2510,2280,2110,1880,1610,840,750,470,290,5840,0.1693
BEDOK,KAKI BUKIT,37150,1200,1250,1580,1930,2510,3140,2830,2280,2260,2460,2450,3240,3510,2740,1930,820,580,260,190,6520,0.1755
BEDOK,KEMBANGAN,37460,1410,1360,1480,1780,2020,2620,2790,2520,2290,2520,2620,2940,3240,2750,2140,1250,860,530,350,7880,0.2104
BEDOK,SIGLAP,6440,160,250,260,310,360,400,360,320,430,520,450,460,500,430,480,310,250,140,70,1680,0.2609
BISHAN,BISHAN EAST,28310,870,1130,1300,1380,1470,2280,2150,1730,1890,2160,1880,2110,2420,2090,1560,820,590,320,150,5530,0.1953
BISHAN,MARYMOUNT,29620,1010,1340,1540,1680,2030,2630,1840,1770,1950,2240,2190,2530,2360,1790,1250,650,450,220,150,4510,0.1523
BISHAN,UPPER THOMSON,29390,910,1260,1450,1560,1740,2010,1740,1590,1910,2330,2230,2310,2350,1960,1580,970,720,510,260,6000,0.2042
BOON LAY,LIU FANG,10,0,0,0,0,0,0,0,0,0,0,0,0,0,0,0,0,0,0,0,0,0.0
BOON LAY,SAMULUN,10,0,0,0,0,0,0,0,0,0,0,0,0,0,0,0,0,0,0,0,0,0.0
BOON LAY,TUKANG,10,0,0,0,0,0,0,0,0,0,0,0,0,0,0,0,0,0,0,0,0,0.0
BUKIT BATOK,BRICKWORKS,19820,2710,1200,850,730,660,2280,3540,1670,1460,1280,990,790,640,430,270,140,90,70,20,1020,0.0515
BUKIT BATOK,BUKIT BATOK CENTRAL,27290,1310,1230,1340,1490,1560,1900,2460,1950,1860,1940,1960,2020,2100,1750,1150,570,400,200,120,4190,0.1535
BUKIT BATOK,BUKIT BATOK EAST,12690,340,340,540,600,810,960,880,810,800,970,930,1160,1220,1060,640,280,200,110,60,2350,0.1852
BUKIT BATOK,BUKIT BATOK SOUTH,14930,690,710,760,840,1110,1190,1240,1130,930,1010,1180,1310,1160,830,440,170,140,70,30,1680,0.1125
BUKIT BATOK,BUKIT BATOK WEST,15000,660,640,710,790,950,990,1180,1100,1010,1050,1100,1180,1220,1070,640,310,200,130,80,2430,0.162
BUKIT BATOK,GOMBAK,9930,350,490,590,590,620,700,610,720,840,800,750,710,630,550,400,240,170,120,50,1530,0.1541
BUKIT BATOK,GUILIN,12940,430,570,650,750,830,870,850,940,940,1100,1110,1100,920,750,470,270,200,120,70,1880,0.1453
BUKIT BATOK,HILLVIEW,19300,560,720,1040,1350,1600,1490,1060,1010,1200,1640,1840,1860,1400,1080,680,360,220,130,70,2540,0.1316
BUKIT BATOK,HONG KAH NORTH,26150,870,930,1210,1440,1680,2110,1800,1650,1630,1900,2040,2370,2460,1810,1100,540,340,180,90,4060,0.1553
BUKIT MERAH,ALEXANDRA HILL,13490,370,420,570,630,790,870,840,720,750,950,960,1070,1140,1070,950,540,410,280,170,3420,0.2535
BUKIT MERAH,ALEXANDRA NORTH,2620,160,200,160,110,100,130,240,320,330,300,180,130,100,70,40,30,20,10,0,170,0.0649
BUKIT MERAH,BUKIT HO SWEE,14390,460,570,560,500,620,820,930,980,960,1010,970,1120,1270,1110,930,630,490,270,190,3620,0.2516
BUKIT MERAH,BUKIT MERAH,1110,30,50,60,60,70,60,60,60,70,80,90,90,70,80,90,50,30,10,10,270,0.2432
BUKIT MERAH,CITY TERMINALS,20,0,0,0,0,0,0,0,0,0,0,0,0,0,0,0,0,0,0,0,0,0.0
BUKIT MERAH,DEPOT ROAD,6540,350,400,380,280,280,310,470,570,670,620,440,370,340,330,320,190,120,60,40,1060,0.1621
BUKIT MERAH,EVERTON PARK,7810,220,290,310,310,330,470,510,540,590,680,570,520,580,620,500,310,250,130,80,1890,0.242
BUKIT MERAH,HENDERSON HILL,13320,440,450,490,530,660,860,930,780,780,890,1010,1050,1140,970,890,550,500,280,150,3340,0.2508
BUKIT MERAH,KAMPONG TIONG BAHRU,9010,220,240,340,350,430,530,490,490,540,650,690,720,780,790,700,420,360,170,100,2540,0.2819
BUKIT MERAH,MARITIME SQUARE,3620,200,240,190,170,110,140,180,360,430,400,310,240,190,140,120,70,70,50,40,490,0.1354
BUKIT MERAH,REDHILL,10620,490,640,660,500,470,630,650,750,1080,900,790,730,620,510,440,270,230,120,140,1710,0.161
BUKIT MERAH,SINGAPORE GENERAL HOSPITAL,10,0,0,0,0,0,0,0,0,0,0,0,0,0,0,0,0,0,0,0,0,0.0
BUKIT MERAH,TELOK BLANGAH DRIVE,19320,1190,870,740,710,710,1090,2010,1680,1550,1390,1180,1230,1200,1150,1110,660,480,260,120,3780,0.1957
BUKIT MERAH,TELOK BLANGAH RISE,12150,350,390,430,510,580,740,660,680,840,920,850,860,1030,1120,970,580,360,180,100,3310,0.2724
BUKIT MERAH,TELOK BLANGAH WAY,9230,240,340,380,350,380,480,460,540,690,770,680,740,820,710,620,420,310,180,110,2350,0.2546
BUKIT MERAH,TIONG BAHRU,12890,690,670,560,430,440,720,1080,1120,1250,1020,800,730,790,810,690,440,340,170,150,2600,0.2017
BUKIT MERAH,TIONG BAHRU STATION,15120,560,690,830,700,670,1050,1010,1060,1230,1250,1110,1070,1050,750,780,480,440,230,140,2820,0.1865
BUKIT PANJANG,BANGKIT,22270,680,730,930,1190,1520,1900,1560,1230,1340,1540,1730,2190,2020,1440,970,580,390,230,120,3730,0.1675
BUKIT PANJANG,DAIRY FARM,6940,310,390,440,510,450,470,460,440,560,640,560,550,430,310,210,90,70,30,20,730,0.1052
BUKIT PANJANG,FAJAR,27820,1530,1680,1580,1590,1720,2140,2350,2240,1970,1980,1850,2140,1820,1380,870,470,310,150,70,3250,0.1168
BUKIT PANJANG,JELEBU,31310,930,1090,1410,1840,2440,2750,2190,1740,1840,2380,2600,2890,2660,1930,1230,620,460,220,110,4570,0.146
BUKIT PANJANG,NATURE RESERVE,3850,150,190,240,250,280,260,200,220,260,370,350,340,270,190,150,60,60,20,20,500,0.1299
BUKIT PANJANG,SAUJANA,25920,1520,1660,1460,1510,1740,1820,2130,2300,1840,1870,1710,1880,1840,1230,720,290,200,120,80,2640,0.1019
BUKIT PANJANG,SENJA,20170,1130,1360,1260,1260,1150,1190,1570,1930,1570,1730,1320,1260,1240,890,640,290,190,120,70,2200,0.1091
BUKIT TIMAH,ANAK BUKIT,21870,700,1080,1190,1310,1430,1660,1310,1260,1370,1640,1600,1580,1730,1400,1080,650,470,270,150,4020,0.1838
BUKIT TIMAH,CORONATION ROAD,6690,300,500,490,440,380,330,330,440,540,610,480,400,360,330,280,220,150,80,50,1110,0.1659
BUKIT TIMAH,FARRER COURT,6180,300,490,440,370,280,290,350,470,530,630,490,380,290,240,260,140,110,70,40,860,0.1392
BUKIT TIMAH,HILLCREST,9470,440,780,610,600,560,420,410,650,760,850,740,640,560,390,400,260,210,130,70,1460,0.1542
BUKIT TIMAH,HOLLAND ROAD,10840,460,780,800,770,670,510,500,650,900,1080,920,700,560,500,410,260,200,100,70,1540,0.1421
BUKIT TIMAH,LEEDON PARK,6440,300,320,400,370,360,360,350,400,500,570,580,440,390,350,360,180,110,60,50,1110,0.1724
BUKIT TIMAH,SWISS CLUB,5340,240,320,340,330,300,330,280,360,400,430,420,350,320,300,210,150,120,80,60,920,0.1723
BUKIT TIMAH,ULU PANDAN,11020,400,630,680,650,640,660,570,580,800,930,820,830,740,710,660,310,230,130,60,2100,0.1906
CHANGI- TOTAL,CHANGI AIRPORT,10,0,0,0,0,0,0,0,0,0,0,0,0,0,0,0,0,0,0,0,0,0.0
CHANGI- TOTAL,CHANGI POINT,540,10,10,20,20,40,30,20,20,30,50,60,60,60,50,30,20,10,0,10,120,0.2222
CHANGI- TOTAL,CHANGI WEST,1300,120,130,130,80,60,70,120,130,140,120,80,40,40,20,20,10,0,10,0,60,0.0462
CHOA CHU KANG,CHOA CHU KANG CENTRAL,22530,820,1090,1330,1430,1790,1950,1360,1470,1650,1810,1970,1990,1490,1000,650,340,220,110,70,2390,0.1061
CHOA CHU KANG,CHOA CHU KANG NORTH,31930,850,1120,1640,2400,3510,3060,1660,1570,1640,2280,3400,3230,2270,1410,850,430,330,220,80,3320,0.104
CHOA CHU KANG,KEAT HONG,38180,3540,2660,2060,2060,2310,3260,4690,3480,2650,2430,2430,2280,1730,1120,700,330,240,150,60,2600,0.0681
CHOA CHU KANG,PENG SIANG,34720,1660,1750,1760,2040,2570,2980,2750,2650,2300,2430,2670,2880,2360,1730,1130,450,310,200,110,3930,0.1132
CHOA CHU KANG,TECK WHYE,24320,760,760,1010,1350,1910,2310,1600,1370,1260,1640,1910,2440,2070,1570,1040,620,400,200,110,3940,0.162
CHOA CHU KANG,YEW TEE,40390,1360,1890,2400,2810,3370,3060,2390,2660,3140,3560,3700,3330,2840,1760,1010,510,350,160,100,3890,0.0963
CLEMENTI,CLEMENTI CENTRAL,14000,480,610,700,660,710,880,830,910,1050,1170,970,990,990,1000,910,510,340,190,110,3060,0.2186
CLEMENTI,CLEMENTI NORTH,28810,1390,1220,1160,1130,1290,1540,2190,2350,2210,2160,1880,1980,1840,2040,1970,1030,820,390,230,6480,0.2249
CLEMENTI,CLEMENTI WEST,15260,480,630,740,760,840,810,820,1010,1230,1270,1210,1150,1210,1170,960,470,310,140,70,3120,0.2045
CLEMENTI,CLEMENTI WOODS,16000,680,740,800,810,830,870,1060,1250,1190,1200,1110,1180,1060,1060,1000,530,380,170,90,3230,0.2019
CLEMENTI,FABER,5360,270,430,440,320,280,290,370,470,540,500,360,290,220,220,160,110,60,40,20,610,0.1138
CLEMENTI,PANDAN,20,0,0,0,0,0,0,0,0,0,0,0,0,0,0,0,0,0,0,0,0,0.0
CLEMENTI,SUNSET WAY,5650,170,230,270,310,320,360,330,320,370,400,440,420,430,470,380,200,150,70,30,1300,0.2301
CLEMENTI,TOH TUCK,20,0,0,0,0,0,0,0,0,0,0,0,0,0,0,0,0,0,0,0,0,0.0
CLEMENTI,WEST COAST,6870,290,480,550,470,390,370,320,480,660,720,550,400,340,310,290,130,90,40,20,880,0.1281
DOWNTOWN CORE,ANSON,80,0,0,0,0,0,0,0,0,0,0,0,0,0,0,0,0,0,0,0,0,0.0
DOWNTOWN CORE,BUGIS,890,20,30,10,30,40,60,60,90,70,70,70,60,60,70,70,30,30,10,20,230,0.2584
DOWNTOWN CORE,CECIL,260,10,10,10,0,10,20,40,60,30,20,20,10,10,10,0,0,0,0,0,10,0.0385
DOWNTOWN CORE,CENTRAL SUBZONE,880,40,40,30,40,20,70,90,110,110,130,70,60,40,30,20,10,0,0,0,60,0.0682
DOWNTOWN CORE,CITY HALL,80,0,0,0,0,0,0,0,0,0,0,0,0,0,0,0,0,0,0,0,0,0.0
DOWNTOWN CORE,MARINA CENTRE,10,0,0,0,0,0,0,0,0,0,0,0,0,0,0,0,0,0,0,0,0,0.0
DOWNTOWN CORE,NICOLL,290,10,10,10,10,10,30,20,20,30,20,30,30,30,10,20,0,0,0,0,30,0.1034
DOWNTOWN CORE,PHILLIP,10,0,0,0,0,0,0,0,0,0,0,0,0,0,0,0,0,0,0,0,0,0.0
DOWNTOWN CORE,RAFFLES PLACE,40,0,0,0,0,0,0,0,0,0,0,0,0,0,0,0,0,0,0,0,0,0.0
DOWNTOWN CORE,TANJONG PAGAR,670,20,20,10,10,20,50,100,100,80,70,40,50,30,20,20,10,10,0,30,90,0.1343
GEYLANG,ALJUNIED,39990,1250,1500,1730,1670,1920,2840,3000,2960,2980,3260,2860,3070,3120,2620,2080,1170,980,580,390,7820,0.1955
GEYLANG,GEYLANG EAST,29920,1100,1310,1440,1340,1560,2050,2000,2160,2350,2320,2050,2110,2230,1960,1750,900,680,410,210,5910,0.1975
GEYLANG,KALLANG WAY,30,0,0,0,0,0,0,0,0,0,0,0,0,0,0,0,0,0,0,0,0,0.0
GEYLANG,KAMPONG UBI,11800,400,460,520,560,750,1040,1010,800,800,750,750,1010,1100,840,520,260,130,60,40,1850,0.1568
GEYLANG,MACPHERSON,28360,1210,1000,1110,1270,1530,2010,2270,1880,1710,1860,2190,2410,2340,1870,1340,900,780,450,250,5590,0.1971
HOUGANG,DEFU INDUSTRIAL PARK,20,0,0,0,0,0,0,0,0,0,0,0,0,0,0,0,0,0,0,0,0,0.0
HOUGANG,HOUGANG CENTRAL,4720,130,130,210,280,340,440,350,260,240,320,400,400,430,310,210,110,90,40,30,790,0.1674
HOUGANG,HOUGANG EAST,24920,1360,1230,1040,1090,1470,2110,2290,2160,1710,1640,1610,2070,1870,1370,920,480,280,150,80,3280,0.1316
HOUGANG,HOUGANG WEST,45460,1330,1420,1730,2000,2910,4030,3540,2750,2580,2960,3310,4430,4410,3390,2210,1090,730,430,220,8070,0.1775
HOUGANG,KANGKAR,32290,1760,1740,1570,1600,1690,2040,2710,2800,2480,2520,2170,2290,2200,1810,1280,740,540,250,120,4740,0.1468
HOUGANG,KOVAN,24810,900,1110,1270,1420,1650,1890,1660,1560,1700,1960,1740,1940,1920,1510,1120,590,450,240,180,4090,0.1649
HOUGANG,LORONG AH SOO,32320,950,1140,1390,1690,1910,2270,2180,2010,2180,2490,2410,2580,2700,2300,1810,980,750,410,180,6430,0.1989
HOUGANG,TAI SENG,13830,430,560,690,750,970,990,830,740,850,950,1020,1180,1170,970,670,420,350,200,120,2730,0.1974
HOUGANG,TRAFALGAR,49200,2260,2110,2420,2700,3220,3830,3640,3210,3340,3670,3950,4150,3930,2880,1910,880,600,350,150,6770,0.1376
JURONG EAST,INTERNATIONAL BUSINESS PARK,10,0,0,0,0,0,0,0,0,0,0,0,0,0,0,0,0,0,0,0,0,0.0
JURONG EAST,JURONG GATEWAY,450,20,20,20,30,20,50,40,40,50,60,30,20,20,10,10,10,0,0,0,30,0.0667
JURONG EAST,JURONG RIVER,10,0,0,0,0,0,0,0,0,0,0,0,0,0,0,0,0,0,0,0,0,0.0
JURONG EAST,LAKESIDE LEISURE,1070,20,20,20,30,30,50,50,60,60,70,80,70,100,120,110,80,60,30,10,410,0.3832
JURONG EAST,PENJURU CRESCENT,10,0,0,0,0,0,0,0,0,0,0,0,0,0,0,0,0,0,0,0,0,0.0
JURONG EAST,TEBAN GARDENS,18530,760,840,890,930,1050,1150,1240,1350,1340,1340,1270,1360,1350,1410,1170,530,330,150,80,3670,0.1981
JURONG EAST,TOH GUAN,14590,420,500,670,860,1000,1260,1080,920,890,1120,1070,1280,1400,1010,570,240,170,110,50,2150,0.1474
JURONG EAST,YUHUA EAST,24770,690,830,1040,1240,1420,1790,1650,1610,1690,1810,1750,1890,2170,1960,1560,720,510,280,150,5180,0.2091
JURONG EAST,YUHUA WEST,19160,600,690,900,1070,1240,1400,1310,1100,1200,1460,1440,1600,1640,1430,1010,480,340,170,100,3530,0.1842
JURONG WEST,BOON LAY PLACE,29340,1520,1630,1600,1670,1850,1960,2270,2470,2140,2240,2250,2120,1790,1500,1090,590,390,170,90,3830,0.1305
JURONG WEST,HONG KAH,53890,1870,2180,2590,3060,3320,3730,3720,3710,3840,4190,3960,4010,4310,3900,2790,1330,800,400,180,9400,0.1744
JURONG WEST,JURONG WEST CENTRAL,63760,2530,3570,4190,4040,3750,4160,4690,5490,6140,5760,4590,4170,4040,3160,1880,770,490,240,120,6660,0.1045
JURONG WEST,KIAN TECK,40,0,0,0,0,0,0,0,0,0,0,0,0,0,0,0,0,0,0,0,0,0.0
JURONG WEST,TAMAN JURONG,39920,2030,2180,2260,2430,2650,2860,2910,3120,3040,3160,3230,2840,2490,1970,1330,660,410,250,110,4730,0.1185
JURONG WEST,WENYA,8280,440,610,670,540,380,460,500,820,900,740,540,420,390,330,220,120,80,60,50,860,0.1039
JURONG WEST,YUNNAN,67500,2190,2830,3680,4370,5440,6130,4240,4280,4810,5130,5550,5790,4800,3690,2340,1080,650,310,190,8260,0.1224
KALLANG,BENDEMEER,37570,1900,1760,1460,1370,1490,2310,3280,3240,3070,2740,2350,2380,2690,2500,1990,1220,940,500,370,7520,0.2002
KALLANG,BOON KENG,11790,410,450,410,500,550,760,860,800,810,850,880,910,970,840,710,410,370,210,120,2660,0.2256
KALLANG,CRAWFORD,8380,220,200,240,260,330,430,400,390,460,550,620,810,860,790,730,440,350,180,130,2620,0.3126
KALLANG,GEYLANG BAHRU,11280,270,330,440,530,600,660,660,630,780,940,940,980,940,810,670,430,360,200,120,2590,0.2296
KALLANG,KALLANG BAHRU,20,0,0,0,0,0,0,0,0,0,0,0,0,0,0,0,0,0,0,0,0,0.0
KALLANG,KAMPONG BUGIS,920,40,20,20,40,50,100,80,70,60,70,50,60,90,70,60,20,10,10,10,180,0.1957
KALLANG,KAMPONG JAVA,10530,330,450,460,450,520,640,660,710,830,920,780,790,760,700,650,350,300,140,100,2240,0.2127
KALLANG,LAVENDER,9690,350,400,430,430,430,580,640,670,770,870,720,750,730,640,540,290,250,110,90,1920,0.1981
KALLANG,TANJONG RHU,11110,410,530,630,700,590,500,600,790,1050,1200,990,820,690,580,420,270,180,80,70,1600,0.144
LIM CHU KANG,LIM CHU KANG,110,10,0,10,10,10,10,0,10,0,10,10,10,10,10,10,0,0,0,0,20,0.1818
MANDAI,MANDAI ESTATE,2090,60,90,120,130,170,170,120,130,140,190,160,180,150,90,80,40,30,20,10,270,0.1292
MARINE PARADE,KATONG,9360,390,500,490,500,500,560,490,670,830,880,710,670,600,500,410,250,210,130,90,1590,0.1699
MARINE PARADE,MARINE PARADE,26880,1060,1420,1390,1300,1320,1330,1320,1730,2100,2360,2010,1870,1770,1520,1550,1050,960,500,320,5900,0.2195
MARINE PARADE,MOUNTBATTEN,9980,450,490,540,560,570,610,580,680,800,910,720,740,650,540,520,250,170,120,90,1690,0.1693
MUSEUM,BRAS BASAH,10,0,0,0,0,0,0,0,0,0,0,0,0,0,0,0,0,0,0,0,0,0.0
MUSEUM,DHOBY GHAUT,320,10,20,0,10,10,20,50,60,50,30,20,20,10,10,10,0,0,0,0,20,0.0625
MUSEUM,FORT CANNING,190,10,10,10,10,10,10,10,10,20,30,20,20,10,10,10,0,0,0,0,20,0.1053
NEWTON,CAIRNHILL,3880,180,260,240,170,170,190,240,320,360,390,320,270,230,190,170,70,60,40,30,560,0.1443
NEWTON,GOODWOOD PARK,1260,70,140,90,60,40,60,80,100,130,130,80,90,60,50,40,20,20,10,10,150,0.119
NEWTON,ISTANA NEGARA,60,0,0,0,0,0,0,0,0,0,0,0,0,0,0,0,0,0,0,0,0,0.0
NEWTON,MONKS HILL,1030,60,80,60,50,50,50,50,80,100,110,80,80,50,40,40,30,20,10,10,150,0.1456
NEWTON,NEWTON CIRCUS,250,10,20,20,10,10,10,10,20,30,30,30,20,10,10,10,0,0,0,0,20,0.08
NEWTON,ORANGE GROVE,1790,70,90,110,80,70,80,90,100,150,180,170,150,130,120,100,40,30,20,10,320,0.1788
NORTH-EASTERN ISLANDS,NORTH-EASTERN ISLANDS,50,0,0,0,0,0,0,0,0,0,0,0,0,0,0,0,0,0,0,0,0,0.0
NOVENA,BALESTIER,32430,1320,1430,1460,1390,1620,2000,2420,2410,2510,2730,2390,2320,2240,1900,1640,1010,850,500,300,6200,0.1912
NOVENA,DUNEARN,3960,140,210,280,260,260,220,170,190,260,330,330,310,250,220,190,140,100,70,40,760,0.1919
NOVENA,MALCOLM,2950,150,220,210,180,140,140,130,170,250,270,200,220,170,160,140,90,60,50,40,540,0.1831
NOVENA,MOULMEIN,9300,530,1000,630,400,340,390,510,860,1130,960,630,500,370,370,270,160,120,80,40,1040,0.1118
NOVENA,MOUNT PLEASANT,690,30,30,40,40,50,50,40,40,20,40,50,70,50,50,40,20,10,10,10,140,0.2029
ORCHARD,BOULEVARD,410,20,20,20,10,10,20,30,30,30,40,20,20,40,40,20,10,10,0,0,80,0.1951
ORCHARD,SOMERSET,140,10,10,0,0,10,10,10,10,10,10,20,0,10,0,10,0,0,0,0,10,0.0714
ORCHARD,TANGLIN,370,20,20,30,20,10,10,20,30,40,40,30,30,20,20,20,10,10,0,0,60,0.1622
OUTRAM,CHINA SQUARE,1430,30,30,30,30,50,70,80,110,90,120,90,130,130,160,130,60,60,30,20,460,0.3217
OUTRAM,CHINATOWN,10490,450,580,520,310,370,550,690,860,1140,880,690,690,660,580,550,320,290,160,190,2090,0.1992
OUTRAM,PEARLS HILL,6120,170,190,190,180,250,250,260,270,250,400,440,570,650,600,550,330,300,140,160,2080,0.3399
OUTRAM,PEOPLES PARK,290,0,0,0,10,10,40,40,30,20,30,10,20,20,30,20,10,10,10,0,80,0.2759
PASIR RIS,FLORA DRIVE,14680,530,690,850,940,1000,1030,860,910,1260,1360,1260,1200,980,670,480,260,210,110,80,1810,0.1233
PASIR RIS,LOYANG EAST,2140,60,60,100,150,160,190,110,100,130,170,170,190,200,150,100,50,30,20,10,360,0.1682
PASIR RIS,LOYANG WEST,220,0,0,0,0,0,0,0,0,0,0,0,10,10,20,20,30,50,40,30,190,0.8636
PASIR RIS,PASIR RIS CENTRAL,32240,1640,1730,1670,1860,2450,2680,2390,2510,2270,2280,2590,2890,2100,1340,830,450,310,180,90,3200,0.0993
PASIR RIS,PASIR RIS DRIVE,54420,1730,1990,2570,3380,4960,5870,3260,2650,2880,3460,4750,5660,4380,2930,1880,900,640,360,190,6900,0.1268
PASIR RIS,PASIR RIS PARK,7620,460,580,540,500,460,360,530,730,910,790,640,470,250,180,120,60,30,20,10,420,0.0551
PASIR RIS,PASIR RIS WAFER FAB PARK,10,0,0,0,0,0,0,0,0,0,0,0,0,0,0,0,0,0,0,0,0,0.0
PASIR RIS,PASIR RIS WEST,35790,1260,1500,1960,2530,3420,3280,1880,2000,2350,2800,3590,3430,2280,1460,900,500,350,200,110,3520,0.0984
PAYA LEBAR,PAYA LEBAR EAST,10,0,0,0,0,0,0,0,0,0,0,0,0,0,0,0,0,0,0,0,0,0.0
PAYA LEBAR,PAYA LEBAR NORTH,30,0,0,0,0,0,0,0,0,0,0,0,0,0,0,0,0,0,0,0,0,0.0
PIONEER,BENOI SECTOR,10,0,0,0,0,0,0,0,0,0,0,0,0,0,0,0,0,0,0,0,0,0.0
PIONEER,GUL BASIN,10,0,0,0,0,0,0,0,0,0,0,0,0,0,0,0,0,0,0,0,0,0.0
PIONEER,GUL CIRCLE,20,0,0,0,0,0,0,0,0,0,0,0,0,0,0,0,0,0,0,0,0,0.0
PIONEER,JOO KOON,30,0,0,0,0,0,0,0,0,0,0,0,0,0,0,0,0,0,0,0,0,0.0
PUNGGOL,MATILDA,52200,5430,4850,3150,2210,1860,2640,5470,7490,5120,3820,2550,2140,1730,1550,1120,540,320,150,80,3760,0.072
PUNGGOL,NORTHSHORE,460,20,20,20,30,40,40,40,10,30,40,40,30,40,20,20,10,10,10,0,70,0.1522
PUNGGOL,PUNGGOL FIELD,48960,2420,3360,3940,3390,2650,2470,2760,4020,5100,5150,3390,2930,2510,1920,1430,680,470,240,140,4880,0.0997
PUNGGOL,PUNGGOL TOWN CENTRE,22260,2820,2180,1140,810,640,1010,3030,3430,2130,1440,980,790,620,500,380,170,130,70,30,1280,0.0575
PUNGGOL,WATERWAY EAST,50580,5470,4930,3160,2140,1640,2160,5910,7240,5040,3590,2340,2000,1540,1390,1040,500,270,160,70,3430,0.0678
QUEENSTOWN,COMMONWEALTH,7000,140,200,260,280,300,400,420,420,460,570,570,610,570,460,440,320,300,200,100,1820,0.26
QUEENSTOWN,DOVER,11080,350,540,650,630,650,670,550,690,890,950,910,820,700,610,620,370,310,130,60,2100,0.1895
QUEENSTOWN,GHIM MOH,13850,850,660,560,500,590,790,1310,1110,910,890,800,860,820,800,910,590,470,290,130,3190,0.2303
QUEENSTOWN,HOLLAND DRIVE,12680,350,350,360,470,540,800,830,730,910,1070,970,950,850,860,910,670,570,300,180,3490,0.2752
QUEENSTOWN,KENT RIDGE,80,0,0,0,0,0,0,0,0,0,0,0,0,0,0,0,0,0,0,0,0,0.0
QUEENSTOWN,MARGARET DRIVE,16090,1120,1200,800,570,590,860,1260,1990,1570,1130,890,850,790,740,690,380,330,210,130,2480,0.1541
QUEENSTOWN,MEI CHIN,15570,460,540,700,800,920,1120,960,870,980,1190,1250,1300,1220,1030,780,510,480,300,170,3270,0.21
QUEENSTOWN,NATIONAL UNIVERSITY OF SPORE,240,0,10,10,10,120,30,20,10,10,20,10,10,0,0,0,0,0,0,0,0,0.0
QUEENSTOWN,ONE NORTH,720,40,60,50,30,20,30,40,100,80,100,80,40,20,20,10,0,0,0,0,30,0.0417
QUEENSTOWN,PASIR PANJANG 1,4510,160,190,240,260,270,350,310,340,410,410,350,340,280,240,180,80,60,40,10,610,0.1353
QUEENSTOWN,PASIR PANJANG 2,3060,90,130,140,160,200,250,180,180,210,210,240,250,230,280,160,70,50,10,20,590,0.1928
QUEENSTOWN,PORT,120,0,0,10,0,10,10,10,10,10,0,10,10,10,10,10,0,0,0,0,20,0.1667
QUEENSTOWN,QUEENSWAY,270,10,0,10,10,20,20,20,20,20,30,30,20,20,20,20,10,0,0,0,50,0.1852
QUEENSTOWN,SINGAPORE POLYTECHNIC,100,0,0,0,0,0,0,0,0,0,0,0,0,0,0,0,0,0,0,0,0,0.0
QUEENSTOWN,TANGLIN HALT,10590,400,390,400,400,390,580,730,720,850,850,750,770,740,660,680,470,420,270,140,2640,0.2493
RIVER VALLEY,INSTITUTION HILL,3150,200,270,190,140,120,130,180,350,420,350,220,140,120,130,110,40,30,10,10,330,0.1048
RIVER VALLEY,LEONIE HILL,3120,120,160,180,180,130,180,190,240,300,390,300,220,190,130,110,50,30,20,10,350,0.1122
RIVER VALLEY,ONE TREE HILL,2070,70,80,110,120,110,110,100,140,150,190,210,170,150,110,100,70,40,20,20,360,0.1739
RIVER VALLEY,OXLEY,1490,50,70,70,70,50,100,100,110,140,130,120,110,90,70,80,50,30,10,20,260,0.1745
RIVER VALLEY,PATERSON,240,10,20,10,10,10,10,20,30,30,30,20,20,10,10,10,0,0,0,0,20,0.0833
ROCHOR,BENCOOLEN,1310,40,40,40,40,60,80,100,90,100,110,110,110,110,100,70,40,30,30,30,300,0.229
ROCHOR,FARRER PARK,2660,80,90,120,120,120,150,180,200,230,240,200,170,200,190,140,80,50,50,40,550,0.2068
ROCHOR,KAMPONG GLAM,120,0,0,0,0,0,10,10,10,10,10,0,10,10,10,0,0,0,10,20,40,0.3333
ROCHOR,LITTLE INDIA,3270,80,70,120,140,180,210,190,180,230,260,230,250,290,260,220,140,100,60,60,840,0.2569
ROCHOR,MACKENZIE,110,0,10,0,10,0,10,10,20,20,10,10,0,0,0,0,0,0,0,0,0,0.0
ROCHOR,MOUNT EMILY,1630,90,90,70,60,40,90,170,230,220,200,100,80,70,50,30,10,10,10,10,120,0.0736
ROCHOR,SELEGIE,210,0,10,10,10,10,10,10,20,30,10,10,10,10,10,10,10,10,10,10,60,0.2857
ROCHOR,SUNGEI ROAD,2050,70,90,70,100,110,110,120,130,110,140,150,170,160,150,150,100,70,40,20,530,0.2585
ROCHOR,VICTORIA,1760,40,30,40,40,70,90,130,110,120,120,120,150,160,140,160,100,80,30,30,540,0.3068
SELETAR,SELETAR,280,10,10,20,20,30,10,0,10,20,40,40,20,10,10,10,0,10,0,0,30,0.1071
SELETAR,SELETAR AEROSPACE PARK,20,0,0,0,0,0,0,0,0,0,0,0,0,0,0,0,0,0,0,0,0,0.0
SEMBAWANG,ADMIRALTY,13920,700,860,960,880,800,820,990,1210,1220,1300,980,940,820,560,380,230,150,100,40,1460,0.1049
SEMBAWANG,SEMBAWANG CENTRAL,34800,1830,1940,2120,2210,2250,2570,2810,2790,2840,3100,2600,2500,2130,1350,780,440,310,170,90,3140,0.0902
SEMBAWANG,SEMBAWANG EAST,17340,2070,850,800,780,780,2100,2690,1460,1290,1190,1000,840,540,410,260,140,80,50,20,960,0.0554
SEMBAWANG,SEMBAWANG NORTH,25540,1080,1520,1770,1810,1580,1520,1610,2140,2260,2390,1940,1800,1600,1130,670,340,220,120,60,2540,0.0995
SEMBAWANG,SEMBAWANG SPRINGS,9090,560,550,640,580,460,550,940,860,870,810,640,470,320,270,210,140,120,70,60,870,0.0957
SEMBAWANG,SEMBAWANG STRAITS,1910,60,100,120,140,160,140,100,110,140,160,160,180,120,80,70,40,20,10,10,230,0.1204
SEMBAWANG,SENOKO NORTH,10,0,0,0,0,0,0,0,0,0,0,0,0,0,0,0,0,0,0,0,0,0.0
SEMBAWANG,SENOKO SOUTH,30,0,0,0,0,0,0,0,0,0,0,0,0,0,0,0,0,0,0,0,0,0.0
SENGKANG,ANCHORVALE,48120,3790,3850,3290,2620,2060,2470,4690,5240,4520,4160,2660,2370,2290,1730,1200,610,330,160,90,4120,0.0856
SENGKANG,COMPASSVALE,20960,1670,1830,1450,900,630,990,1980,2760,2590,1640,970,900,830,740,540,280,180,60,30,1830,0.0873
SENGKANG,FERNVALE,58800,4830,5270,3970,2780,2390,2660,5430,7280,6060,4590,3320,2800,2400,1910,1410,750,500,290,170,5030,0.0855
SENGKANG,RIVERVALE,59700,2500,3060,3670,3840,4170,4090,4030,4300,4520,5200,4540,4630,4220,3030,1970,880,570,310,170,6930,0.1161
SENGKANG,SENGKANG TOWN CENTRE,61790,3590,3590,3550,3490,3940,4110,5380,5530,4910,4800,4450,4260,3890,2660,1700,870,590,310,200,6330,0.1024
SENGKANG,SENGKANG WEST,10,0,0,0,0,0,0,0,0,0,0,0,0,0,0,0,0,0,0,0,0,0.0
SERANGOON,LORONG CHUAN,8490,290,390,480,570,610,640,490,450,530,660,710,730,640,450,340,170,180,100,80,1320,0.1555
SERANGOON,SELETAR HILLS,14700,450,640,760,880,1100,1150,860,730,870,1100,1100,1200,1140,970,750,430,320,170,90,2730,0.1857
SERANGOON,SERANGOON CENTRAL,24760,700,780,880,1190,1400,2000,1920,1640,1440,1730,1670,1970,2330,2000,1430,700,550,260,150,5090,0.2056
SERANGOON,SERANGOON GARDEN,36080,1040,1170,1530,1800,2240,2650,2300,1950,2190,2510,2510,2830,3240,2890,2200,1200,910,560,360,8120,0.2251
SERANGOON,SERANGOON NORTH,15940,480,610,800,950,1260,1450,1020,940,1000,1060,1290,1470,1340,1000,620,300,200,110,40,2270,0.1424
SERANGOON,SERANGOON NORTH IND ESTATE,10,0,0,0,0,0,0,0,0,0,0,0,0,0,0,0,0,0,0,0,0,0.0
SERANGOON,UPPER PAYA LEBAR,16920,590,780,740,780,900,1430,1430,1210,1210,1160,1110,1210,1390,1100,880,440,310,170,90,2990,0.1767
SINGAPORE RIVER,BOAT QUAY,130,0,0,0,0,0,10,0,10,10,10,10,10,10,10,10,10,10,0,0,40,0.3077
SINGAPORE RIVER,CLARKE QUAY,130,10,10,10,0,10,10,10,10,10,20,10,10,0,0,0,0,0,0,10,10,0.0769
SINGAPORE RIVER,ROBERTSON QUAY,3010,200,240,180,120,100,110,170,330,390,360,250,180,120,90,80,50,30,10,10,270,0.0897
SOUTHERN ISLANDS,SENTOSA,1940,110,140,110,100,90,90,90,150,170,230,210,190,120,70,30,20,10,0,0,130,0.067
SUNGEI KADUT,GALI BATU,30,0,0,0,0,0,0,0,0,0,0,0,0,0,0,0,0,0,0,0,0,0.0
SUNGEI KADUT,KRANJI,10,0,0,0,0,0,0,0,0,0,0,0,0,0,0,0,0,0,0,0,0,0.0
SUNGEI KADUT,PANG SUA,20,0,0,0,0,0,0,0,0,0,0,0,0,0,0,0,0,0,0,0,0,0.0
SUNGEI KADUT,RESERVOIR VIEW,20,0,0,0,0,0,0,0,0,0,0,0,0,0,0,0,0,0,0,0,0,0.0
SUNGEI KADUT,TURF CLUB,670,20,30,30,30,50,50,40,40,40,50,50,50,50,40,40,20,30,10,10,150,0.2239
TAMPINES,SIMEI,39450,1360,1710,1960,2120,2660,3210,2540,2650,2850,2990,2950,3360,3190,2450,1660,720,560,290,220,5900,0.1496
TAMPINES,TAMPINES EAST,130980,5390,5400,5910,6680,9230,11060,9400,8850,8150,8350,9710,11350,11330,8630,5510,2570,1870,1040,580,20200,0.1542
TAMPINES,TAMPINES NORTH,8040,1150,530,260,240,200,1060,1620,730,440,290,300,240,260,250,220,80,80,70,40,740,0.092
TAMPINES,TAMPINES WEST,79670,3790,3780,3800,4150,5340,6340,6320,5820,5360,5320,5640,6390,6410,4930,3090,1420,970,540,270,11220,0.1408
TAMPINES,XILIN,1760,40,70,70,100,160,170,120,70,80,110,130,230,180,110,60,20,20,10,0,220,0.125
TANGLIN,CHATSWORTH,6890,340,440,410,310,270,290,420,610,720,780,600,420,350,310,280,170,90,50,30,930,0.135
TANGLIN,NASSIM,9520,500,810,630,540,440,430,480,680,860,940,710,620,540,470,400,200,140,80,70,1360,0.1429
TANGLIN,RIDOUT,1520,80,100,80,70,70,80,90,100,120,120,120,110,100,90,80,40,30,20,20,280,0.1842
TANGLIN,TYERSALL,3880,160,240,250,190,210,210,220,230,300,360,330,290,260,220,160,110,80,50,30,650,0.1675
TENGAH,FOREST HILL,10,0,0,0,0,0,0,0,0,0,0,0,0,0,0,0,0,0,0,0,0,0.0
TOA PAYOH,BOON TECK,14660,580,570,570,660,770,1000,1080,860,780,1010,1030,1170,1190,980,830,600,530,290,180,3410,0.2326
TOA PAYOH,BRADDELL,9810,310,430,470,460,560,700,580,590,670,730,720,740,740,650,530,360,310,160,110,2120,0.2161
TOA PAYOH,JOO SENG,8150,360,370,410,340,390,550,700,650,640,660,550,560,530,480,400,220,180,100,70,1450,0.1779
TOA PAYOH,KIM KEAT,7960,200,240,300,310,440,630,520,440,510,580,560,640,780,600,510,300,230,120,60,1820,0.2286
TOA PAYOH,LORONG 8 TOA PAYOH,7160,140,200,240,310,410,500,380,370,430,530,550,610,620,530,480,350,280,160,80,1880,0.2626
TOA PAYOH,PEI CHUN,10360,260,370,450,530,560,600,520,560,700,850,890,870,870,660,610,440,350,180,90,2330,0.2249
TOA PAYOH,POTONG PASIR,11720,360,450,460,520,510,730,840,820,870,940,810,840,980,960,780,390,260,160,50,2600,0.2218
TOA PAYOH,SENNETT,7190,420,380,350,350,310,600,770,570,500,530,370,420,430,370,320,180,140,90,90,1190,0.1655
TOA PAYOH,TOA PAYOH CENTRAL,28020,1060,1430,1390,1300,1490,1800,1690,2000,2330,2350,2090,2030,1920,1510,1320,900,760,430,220,5140,0.1834
TOA PAYOH,TOA PAYOH WEST,14360,560,500,510,530,610,880,1130,960,950,1090,1000,1100,1090,950,910,610,580,270,140,3460,0.2409
TOA PAYOH,WOODLEIGH,2450,100,130,160,160,140,180,150,190,190,220,200,160,170,140,90,30,20,20,10,310,0.1265
TUAS,TUAS BAY,10,0,0,0,0,0,0,0,0,0,0,0,0,0,0,0,0,0,0,0,0,0.0
TUAS,TUAS NORTH,30,0,0,0,0,0,0,0,0,0,0,0,0,0,0,0,0,0,0,0,0,0.0
TUAS,TUAS PROMENADE,10,0,0,0,0,0,0,0,0,0,0,0,0,0,0,0,0,0,0,0,0,0.0
TUAS,TUAS VIEW,10,0,0,0,0,0,0,0,0,0,0,0,0,0,0,0,0,0,0,0,0,0.0
TUAS,TUAS VIEW EXTENSION,10,0,0,0,0,0,0,0,0,0,0,0,0,0,0,0,0,0,0,0,0,0.0
WESTERN ISLANDS,JURONG ISLAND AND BUKOM,10,0,0,0,0,0,0,0,0,0,0,0,0,0,0,0,0,0,0,0,0,0.0
WESTERN WATER CATCHMENT,MURAI,640,30,50,20,20,130,50,30,60,70,40,30,50,50,10,0,0,0,0,0,10,0.0156
WOODLANDS,GREENWOOD PARK,40,0,0,0,0,0,0,0,0,0,0,0,0,0,0,0,0,0,0,0,0,0.0
WOODLANDS,MIDVIEW,35270,1590,1640,1870,2480,3460,3220,2480,2290,2100,2520,3270,2960,2100,1400,830,470,320,160,110,3290,0.0933
WOODLANDS,NORTH COAST,12100,300,350,470,650,970,1000,700,640,700,850,1030,1210,1030,800,670,340,230,120,50,2210,0.1826
WOODLANDS,SENOKO WEST,20,0,0,0,0,0,0,0,0,0,0,0,0,0,0,0,0,0,0,0,0,0.0
WOODLANDS,WOODGROVE,33790,980,1330,1740,2280,3320,3210,2060,1930,2170,2610,3300,3000,2350,1500,920,480,340,190,110,3540,0.1048
WOODLANDS,WOODLANDS EAST,98980,4960,5280,6010,6880,8020,7660,7520,7270,7460,8490,8020,7510,5710,3680,2220,1030,720,380,170,8200,0.0828
WOODLANDS,WOODLANDS REGIONAL CENTRE,10,0,0,0,0,0,0,0,0,0,0,0,0,0,0,0,0,0,0,0,0,0.0
WOODLANDS,WOODLANDS SOUTH,41000,2100,2620,2850,2990,3080,2630,2880,3420,3540,3590,3190,2600,2020,1510,1000,480,290,170,60,3510,0.0856
WOODLANDS,WOODLANDS WEST,33910,1560,1320,1510,1830,2590,3010,2530,2170,1930,2250,2740,2920,2680,1940,1340,730,520,250,100,4880,0.1439
YISHUN,KHATIB,10250,310,320,380,460,590,940,800,640,590,650,740,1010,1040,770,510,250,130,90,40,1790,0.1746
YISHUN,LOWER SELETAR,18660,2220,1690,1160,940,770,1150,2740,2220,1490,1260,870,730,530,350,260,120,90,40,30,890,0.0477
YISHUN,NEE SOON,890,30,50,50,60,50,50,50,40,60,90,80,90,60,50,40,30,10,10,10,150,0.1685
YISHUN,NORTHLAND,28000,910,1030,1350,1510,1910,2320,1990,1790,1920,1940,2100,2640,2480,1790,1140,540,370,180,100,4120,0.1471
YISHUN,SPRINGLEAF,4370,130,170,250,300,320,410,250,180,260,310,290,370,350,290,240,120,80,30,20,780,0.1785
YISHUN,YISHUN CENTRAL,2620,100,120,150,130,170,220,200,210,230,220,190,210,170,150,80,50,30,20,10,340,0.1298
YISHUN,YISHUN EAST,60670,4270,4410,3270,2970,3300,4220,5420,6320,5050,4090,3850,4190,3440,2590,1670,730,510,250,120,5870,0.0968
YISHUN,YISHUN SOUTH,42240,1930,1690,1920,2090,2500,3600,3720,2940,2810,3010,2890,3690,3250,2570,1740,830,580,320,170,6210,0.147
YISHUN,YISHUN WEST,53910,1780,1990,2440,2790,3410,3810,3590,3600,3810,4230,4330,4840,4500,3580,2320,1280,880,480,240,8780,0.1629
