date,rainfall_mean_mm
2013-01-01,2.8295081967213114
2013-01-02,16.855737704918035
2013-01-03,5.908196721311475
2013-01-04,6.032786885245901
2013-01-05,0.006557377049180328
2013-01-06,0.0
2013-01-07,0.013114754098360656
2013-01-08,10.700000000000001
2013-01-09,10.468852459016393
2013-01-10,0.17704918032786887
2013-01-11,10.139344262295081
2013-01-12,10.839344262295082
2013-01-13,9.518032786885247
2013-01-14,10.321311475409836
2013-01-15,4.8213114754098365
2013-01-16,0.639344262295082
2013-01-17,0.0
2013-01-18,55.36557377049181
2013-01-19,33.82786885245902
2013-01-20,5.203278688524589
2013-01-21,1.6475409836065573
2013-01-22,1.2180327868852459
2013-01-23,0.003278688524590164
2013-01-24,3.1344262295081964
2013-01-25,0.003278688524590164
2013-01-26,0.0
2013-01-27,1.698360655737705
2013-01-28,0.036065573770491806
2013-01-29,0.0
2013-01-30,0.0
2013-01-31,0.05573770491803279
2013-02-01,0.5253968253968254
2013-02-02,0.13870967741935483
2013-02-03,35.63709677419355
2013-02-04,0.7096774193548387
2013-02-05,36.20476190476191
2013-02-06,27.615873015873014
2013-02-07,19.46825396825397
2013-02-08,33.13174603174603
2013-02-09,23.216129032258067
2013-02-10,26.16774193548387
2013-02-11,4.311290322580645
2013-02-12,6.559677419354839
2013-02-13,3.3285714285714283
2013-02-14,46.696825396825396
2013-02-15,18.53968253968254
2013-02-16,8.425396825396824
2013-02-17,0.807936507936508
2013-02-18,11.487301587301587
2013-02-19,1.838095238095238
2013-02-20,1.2396825396825397
2013-02-21,7.217460317460318
2013-02-22,0.019047619047619046
2013-02-23,0.009523809523809525
2013-02-24,0.0
2013-02-25,20.02857142857143
2013-02-26,33.46666666666667
2013-02-27,2.663492063492064
2013-02-28,1.4206349206349207
2013-03-01,0.6158730158730158
2013-03-02,16.984126984126984
2013-03-03,0.006349206349206349
2013-03-04,0.2253968253968254
2013-03-05,0.8682539682539683
2013-03-06,0.17777777777777776
2013-03-07,1.2920634920634921
2013-03-08,4.487301587301587
2013-03-09,19.233333333333334
2013-03-10,16.34285714285714
2013-03-11,0.5333333333333333
2013-03-12,0.006349206349206349
2013-03-13,8.385714285714284
2013-03-14,17.260317460317463
2013-03-15,0.2793650793650793
2013-03-16,0.012698412698412698
2013-03-17,13.293650793650794
2013-03-18,0.8984126984126984
2013-03-19,1.580952380952381
2013-03-20,0.08571428571428572
2013-03-21,0.2984126984126984
2013-03-22,9.503174603174603
2013-03-23,7.428571428571429
2013-03-24,4.67936507936508
2013-03-25,11.012698412698413
2013-03-26,4.495238095238095
2013-03-27,3.8857142857142857
2013-03-28,10.585714285714285
2013-03-29,15.719047619047618
2013-03-30,8.64126984126984
2013-03-31,11.323809523809523
2013-04-01,10.498412698412698
2013-04-02,9.942857142857143
2013-04-03,8.238095238095237
2013-04-04,12.19047619047619
2013-04-05,5.001587301587302
2013-04-06,13.136507936507936
2013-04-07,0.006349206349206349
2013-04-08,7.619047619047619
2013-04-09,5.123809523809524
2013-04-10,0.2746031746031746
2013-04-11,0.015873015873015872
2013-04-12,0.03809523809523809
2013-04-13,13.904761904761905
2013-04-14,0.7333333333333334
2013-04-15,0.0
2013-04-16,30.75873015873016
2013-04-17,2.153968253968254
2013-04-18,1.4238095238095239
2013-04-19,6.826984126984128
2013-04-20,0.29523809523809524
2013-04-21,19.22857142857143
2013-04-22,2.6984126984126986
2013-04-23,10.012698412698413
2013-04-24,4.201587301587302
2013-04-25,23.509523809523813
2013-04-26,3.0650793650793653
2013-04-27,5.622222222222222
2013-04-28,14.965079365079365
2013-04-29,0.726984126984127
2013-04-30,0.0031746031746031746
2013-05-01,2.8095238095238093
2013-05-02,7.557142857142858
2013-05-03,7.522222222222222
2013-05-04,0.7841269841269841
2013-05-05,17.952380952380953
2013-05-06,4.0095238095238095
2013-05-07,33.48225806451613
2013-05-08,2.079032258064516
2013-05-09,4.942857142857142
2013-05-10,5.011111111111111
2013-05-11,0.05714285714285714
2013-05-12,0.0031746031746031746
2013-05-13,0.0
2013-05-14,6.3
2013-05-15,26.63015873015873
2013-05-16,3.742857142857143
2013-05-17,0.11428571428571428
2013-05-18,0.2507936507936508
2013-05-19,0.0
2013-05-20,3.3095238095238093
2013-05-21,4.652380952380953
2013-05-22,3.0682539682539685
2013-05-23,3.86031746031746
2013-05-24,12.803174603174604
2013-05-25,0.025396825396825397
2013-05-26,6.995238095238095
2013-05-27,0.014285714285714285
2013-05-28,0.0
2013-05-29,0.6174603174603175
2013-05-30,0.9873015873015873
2013-05-31,18.13809523809524
2013-06-01,6.4031746031746035
2013-06-02,1.1492063492063493
2013-06-03,4.7365079365079366
2013-06-04,0.7476190476190476
2013-06-05,29.57777777777778
2013-06-06,9.30952380952381
2013-06-07,11.895238095238096
2013-06-08,7.042857142857143
2013-06-09,9.063492063492063
2013-06-10,3.3269841269841267
2013-06-11,0.009523809523809525
2013-06-12,0.0
2013-06-13,0.0
2013-06-14,0.0
2013-06-15,0.0
2013-06-16,5.498412698412698
2013-06-17,0.012698412698412698
2013-06-18,0.0
2013-06-19,0.0
2013-06-20,0.0
2013-06-21,0.0
2013-06-22,0.0
2013-06-23,0.0
2013-06-24,0.0
2013-06-25,8.988888888888889
2013-06-26,14.06031746031746
2013-06-27,0.009523809523809525
2013-06-28,3.403174603174603
2013-06-29,1.196825396825397
2013-06-30,3.5634920634920637
2013-07-01,0.2857142857142857
2013-07-02,5.592063492063493
2013-07-03,0.03809523809523809
2013-07-04,10.534920634920635
2013-07-05,0.03968253968253968
2013-07-06,0.0
2013-07-07,0.49206349206349204
2013-07-08,21.747619047619047
2013-07-09,17.993650793650794
2013-07-10,0.0
2013-07-11,13.974603174603175
2013-07-12,1.0301587301587303
2013-07-13,2.715873015873016
2013-07-14,6.270967741935484
2013-07-15,0.0532258064516129
2013-07-16,1.2555555555555555
2013-07-17,10.674603174603174
2013-07-18,3.0174603174603174
2013-07-19,0.0031746031746031746
2013-07-20,0.0
2013-07-21,0.0
2013-07-22,0.0
2013-07-23,0.0
2013-07-24,1.473015873015873
2013-07-25,0.025396825396825397
2013-07-26,6.804761904761905
2013-07-27,8.33174603174603
2013-07-28,1.2222222222222223
2013-07-29,4.342857142857143
2013-07-30,0.0380952380952381
2013-07-31,12.284126984126983
2013-08-01,6.068253968253968
2013-08-02,0.3841269841269841
2013-08-03,0.0
2013-08-04,9.047619047619047
2013-08-05,29.512698412698413
2013-08-06,1.2253968253968255
2013-08-07,9.201587301587303
2013-08-08,0.7126984126984128
2013-08-09,2.273015873015873
2013-08-10,27.19047619047619
2013-08-11,11.787301587301588
2013-08-12,10.36190476190476
2013-08-13,1.6460317460317462
2013-08-14,10.707936507936509
2013-08-15,0.0
2013-08-16,0.0
2013-08-17,6.844444444444444
2013-08-18,1.2825396825396824
2013-08-19,0.8444444444444444
2013-08-20,1.565079365079365
2013-08-21,0.0031746031746031746
2013-08-22,4.3317460317460315
2013-08-23,0.3079365079365079
2013-08-24,0.0
2013-08-25,0.0
2013-08-26,15.161904761904763
2013-08-27,0.006349206349206349
2013-08-28,9.21111111111111
2013-08-29,4.033333333333333
2013-08-30,0.6666666666666666
2013-08-31,0.48571428571428565
2013-09-01,1.9870967741935484
2013-09-02,16.335483870967742
2013-09-03,20.34032258064516
2013-09-04,16.282258064516128
2013-09-05,44.07096774193548
2013-09-06,36.20645161290323
2013-09-07,21.19193548387097
2013-09-08,2.3672131147540982
2013-09-09,12.214754098360656
2013-09-10,18.37741935483871
2013-09-11,3.266666666666667
2013-09-12,0.27936507936507937
2013-09-13,0.5714285714285714
2013-09-14,2.7548387096774194
2013-09-15,21.80483870967742
2013-09-16,0.05161290322580645
2013-09-17,5.132258064516129
2013-09-18,0.01935483870967742
2013-09-19,0.0
2013-09-20,0.0
2013-09-21,0.003278688524590164
2013-09-22,0.0
2013-09-23,0.0
2013-09-24,0.0
2013-09-25,29.005
2013-09-26,18.62295081967213
2013-09-27,0.1459016393442623
2013-09-28,23.613114754098362
2013-09-29,9.075409836065575
2013-09-30,0.18870967741935485
2013-10-01,4.519354838709678
2013-10-02,4.575806451612903
2013-10-03,2.6672131147540985
2013-10-04,8.341935483870968
2013-10-05,6.0
2013-10-06,7.820967741935483
2013-10-07,2.693548387096774
2013-10-08,23.92258064516129
2013-10-09,1.5225806451612904
2013-10-10,13.91311475409836
2013-10-11,5.007936507936508
2013-10-12,4.496825396825397
2013-10-13,13.326229508196722
2013-10-14,22.145
2013-10-15,10.670491803278688
2013-10-16,0.06229508196721311
2013-10-17,0.065
2013-10-18,21.16
2013-10-19,11.703333333333335
2013-10-20,21.879661016949154
2013-10-21,18.591666666666665
2013-10-22,0.9966666666666666
2013-10-23,0.006666666666666667
2013-10-24,1.095
2013-10-25,0.42950819672131146
2013-10-26,11.306666666666667
2013-10-27,6.191803278688524
2013-10-28,21.32622950819672
2013-10-29,8.51639344262295
2013-10-30,8.87704918032787
2013-10-31,14.795
2013-11-01,15.991803278688524
2013-11-02,5.750819672131148
2013-11-03,6.204918032786885
2013-11-04,22.585245901639347
2013-11-05,45.24918032786885
2013-11-06,0.46885245901639344
2013-11-07,0.0
2013-11-08,1.9262295081967213
2013-11-09,16.670491803278686
2013-11-10,6.088524590163934
2013-11-11,18.57377049180328
2013-11-12,4.295
2013-11-13,41.28688524590164
2013-11-14,3.5866666666666664
2013-11-15,5.718032786885246
2013-11-16,6.547540983606557
2013-11-17,0.4426229508196721
2013-11-18,2.80327868852459
2013-11-19,7.559016393442623
2013-11-20,4.616393442622951
2013-11-21,5.636666666666667
2013-11-22,29.508333333333333
2013-11-23,2.1033333333333335
2013-11-24,3.9866666666666664
2013-11-25,13.59322033898305
2013-11-26,2.542372881355932
2013-11-27,9.108333333333333
2013-11-28,3.566666666666667
2013-11-29,13.655
2013-11-30,38.566101694915254
2013-12-01,21.252542372881358
2013-12-02,8.740677966101696
2013-12-03,55.72542372881356
2013-12-04,1.547457627118644
2013-12-05,1.6254237288135593
2013-12-06,21.216949152542373
2013-12-07,0.006779661016949153
2013-12-08,22.97966101694915
2013-12-09,0.09491525423728814
2013-12-10,4.764406779661018
2013-12-11,8.572881355932203
2013-12-12,7.447457627118644
2013-12-13,3.030508474576271
2013-12-14,12.59322033898305
2013-12-15,11.603389830508474
2013-12-16,0.013559322033898306
2013-12-17,0.015254237288135594
2013-12-18,59.84915254237288
2013-12-19,0.9779661016949153
2013-12-20,13.991525423728813
2013-12-21,0.03898305084745763
2013-12-22,0.2864406779661017
2013-12-23,1.1338983050847458
2013-12-24,0.22203389830508474
2013-12-25,0.2847457627118644
2013-12-26,10.570689655172414
2013-12-27,3.132758620689655
2013-12-28,2.6241379310344826
2013-12-29,0.2672413793103448
2013-12-30,3.2948275862068965
2013-12-31,1.352542372881356
2014-01-01,0.02372881355932203
2014-01-02,0.07796610169491526
2014-01-03,3.269491525423729
2014-01-04,9.762068965517242
2014-01-05,6.45
2014-01-06,41.53220338983051
2014-01-07,1.5813559322033899
2014-01-08,0.0
2014-01-09,2.4542372881355936
2014-01-10,0.5186440677966102
2014-01-11,5.083050847457627
2014-01-12,2.5135593220338985
2014-01-13,0.006779661016949153
2014-01-14,0.020338983050847456
2014-01-15,0.11864406779661017
2014-01-16,0.013559322033898306
2014-01-17,0.0
2014-01-18,0.0
2014-01-19,0.0
2014-01-20,0.0
2014-01-21,0.0
2014-01-22,0.0
2014-01-23,0.0
2014-01-24,0.0
2014-01-25,0.0
2014-01-26,0.0
2014-01-27,0.0
2014-01-28,0.0
2014-01-29,0.0
2014-01-30,0.0
2014-01-31,0.0
2014-02-01,0.0
2014-02-02,0.0033898305084745766
2014-02-03,0.0
2014-02-04,0.0
2014-02-05,0.0
2014-02-06,0.0
2014-02-07,0.0
2014-02-08,5.055932203389831
2014-02-09,1.4254237288135592
2014-02-10,0.02033898305084746
2014-02-11,0.0
2014-02-12,0.10508474576271186
2014-02-13,0.3932203389830509
2014-02-14,5.620338983050848
2014-02-15,0.013559322033898306
2014-02-16,4.045762711864406
2014-02-17,0.02033898305084746
2014-02-18,0.4327868852459017
2014-02-19,0.003278688524590164
2014-02-20,0.0
2014-02-21,0.0
2014-02-22,0.0
2014-02-23,0.0
2014-02-24,0.0
2014-02-25,0.0
2014-02-26,0.0
2014-02-27,0.0
2014-02-28,0.0
2014-03-01,0.1032258064516129
2014-03-02,0.0
2014-03-03,0.33225806451612905
2014-03-04,0.0
2014-03-05,0.0
2014-03-06,0.0
2014-03-07,0.0
2014-03-08,0.17619047619047618
2014-03-09,0.0
2014-03-10,0.0
2014-03-11,0.0
2014-03-12,0.0
2014-03-13,0.0
2014-03-14,0.0
2014-03-15,0.22698412698412698
2014-03-16,31.391935483870967
2014-03-17,19.566129032258065
2014-03-18,23.73225806451613
2014-03-19,9.654838709677419
2014-03-20,17.395081967213113
2014-03-21,4.269354838709678
2014-03-22,0.0064516129032258064
2014-03-23,0.0
2014-03-24,0.0
2014-03-25,0.02222222222222222
2014-03-26,0.5650793650793651
2014-03-27,0.17096774193548386
2014-03-28,1.1370967741935485
2014-03-29,4.111290322580645
2014-03-30,2.3161290322580643
2014-03-31,1.4327868852459018
2014-04-01,2.303225806451613
2014-04-02,0.23870967741935484
2014-04-03,0.7596774193548387
2014-04-04,7.993548387096775
2014-04-05,27.63225806451613
2014-04-06,0.35806451612903223
2014-04-07,1.285483870967742
2014-04-08,6.403174603174603
2014-04-09,2.1365079365079365
2014-04-10,3.464516129032258
2014-04-11,9.133333333333333
2014-04-12,3.803174603174603
2014-04-13,4.974603174603174
2014-04-14,26.363492063492064
2014-04-15,2.093548387096774
2014-04-16,3.2225806451612904
2014-04-17,9.604761904761904
2014-04-18,14.573015873015873
2014-04-19,0.012698412698412698
2014-04-20,2.2285714285714286
2014-04-21,5.6650793650793645
2014-04-22,3.831746031746032
2014-04-23,14.574603174603176
2014-04-24,9.476190476190476
2014-04-25,7.566666666666666
2014-04-26,5.519047619047619
2014-04-27,6.2936507936507935
2014-04-28,9.596825396825396
2014-04-29,7.640322580645161
2014-04-30,3.5666666666666664
2014-05-01,4.795238095238095
2014-05-02,0.7666666666666666
2014-05-03,6.111111111111111
2014-05-04,7.537704918032787
2014-05-05,4.119354838709677
2014-05-06,3.565079365079365
2014-05-07,21.51904761904762
2014-05-08,10.476190476190476
2014-05-09,3.4984126984126984
2014-05-10,0.056451612903225805
2014-05-11,4.758064516129032
2014-05-12,2.661290322580645
2014-05-13,0.0
2014-05-14,13.660317460317462
2014-05-15,1.1476190476190475
2014-05-16,22.195238095238093
2014-05-17,13.007936507936508
2014-05-18,37.84920634920635
2014-05-19,19.637096774193548
2014-05-20,5.468253968253968
2014-05-21,5.382539682539682
2014-05-22,0.06825396825396825
2014-05-23,14.676190476190477
2014-05-24,0.009523809523809525
2014-05-25,1.2746031746031745
2014-05-26,5.011111111111111
2014-05-27,1.3725806451612903
2014-05-28,4.6761904761904765
2014-05-29,2.4952380952380953
2014-05-30,15.495238095238095
2014-05-31,0.7936507936507936
2014-06-01,13.350793650793651
2014-06-02,2.126984126984127
2014-06-03,1.0444444444444445
2014-06-04,8.734920634920634
2014-06-05,13.815873015873015
2014-06-06,22.061904761904763
2014-06-07,1.788888888888889
2014-06-08,0.18888888888888888
2014-06-09,0.8301587301587301
2014-06-10,2.1793650793650796
2014-06-11,0.04126984126984127
2014-06-12,10.474603174603175
2014-06-13,0.0
2014-06-14,12.747619047619049
2014-06-15,3.4444444444444446
2014-06-16,0.0
2014-06-17,0.0
2014-06-18,9.253225806451614
2014-06-19,7.090322580645162
2014-06-20,0.0
2014-06-21,0.0
2014-06-22,4.282258064516129
2014-06-23,0.0
2014-06-24,10.081967213114755
2014-06-25,8.516666666666667
2014-06-26,0.275
2014-06-27,0.5416666666666666
2014-06-28,0.0
2014-06-29,5.860655737704918
2014-06-30,18.956666666666667
2014-07-01,0.08
2014-07-02,0.0
2014-07-03,1.2533333333333334
2014-07-04,3.7133333333333334
2014-07-05,27.548333333333332
2014-07-06,2.0349999999999997
2014-07-07,21.561666666666667
2014-07-08,18.866666666666667
2014-07-09,29.331666666666667
2014-07-10,1.2266666666666666
2014-07-11,8.366666666666667
2014-07-12,0.88
2014-07-13,0.0
2014-07-14,0.0
2014-07-15,0.0
2014-07-16,0.013333333333333334
2014-07-17,9.572881355932203
2014-07-18,0.0
2014-07-19,2.765
2014-07-20,0.0
2014-07-21,0.09000000000000001
2014-07-22,0.08499999999999999
2014-07-23,0.375
2014-07-24,0.0
2014-07-25,0.0
2014-07-26,0.0
2014-07-27,20.958333333333332
2014-07-28,0.11833333333333333
2014-07-29,33.60333333333333
2014-07-30,17.69333333333333
2014-07-31,2.116949152542373
2014-08-01,1.3295081967213116
2014-08-02,10.722950819672132
2014-08-03,2.1344262295081964
2014-08-04,0.219672131147541
2014-08-05,9.631147540983607
2014-08-06,11.170491803278688
2014-08-07,2.9213114754098357
2014-08-08,0.3377049180327869
2014-08-09,0.08360655737704917
2014-08-10,5.849180327868853
2014-08-11,3.8233333333333333
2014-08-12,9.686885245901639
2014-08-13,1.2409836065573772
2014-08-14,8.363934426229507
2014-08-15,29.493333333333332
2014-08-16,0.13
2014-08-17,0.02
2014-08-18,0.6949152542372882
2014-08-19,12.42
2014-08-20,2.2283333333333335
2014-08-21,13.331666666666667
2014-08-22,0.6016666666666667
2014-08-23,6.165
2014-08-24,1.5316666666666665
2014-08-25,9.97
2014-08-26,9.103333333333333
2014-08-27,21.2
2014-08-28,17.629310344827587
2014-08-29,12.656896551724138
2014-08-30,2.1830508474576273
2014-08-31,4.791525423728813
2014-09-01,0.0
2014-09-02,0.0
2014-09-03,39.92982456140351
2014-09-04,0.03793103448275863
2014-09-05,3.278947368421053
2014-09-06,0.8172413793103448
2014-09-07,0.41551724137931034
2014-09-08,0.003448275862068966
2014-09-09,2.927586206896552
2014-09-10,0.1896551724137931
2014-09-11,19.419298245614037
2014-09-12,0.04137931034482759
2014-09-13,0.26896551724137935
2014-09-14,0.0
2014-09-15,0.0
2014-09-16,0.0
2014-09-17,2.2275862068965515
2014-09-18,0.4379310344827586
2014-09-19,1.8379310344827586
2014-09-20,15.670175438596493
2014-09-21,3.831578947368421
2014-09-22,0.0
2014-09-23,0.0
2014-09-24,18.242857142857144
2014-09-25,16.334545454545456
2014-09-26,0.07142857142857142
2014-09-27,0.0
2014-09-28,0.15
2014-09-29,0.0
2014-09-30,0.0
2014-10-01,0.1206896551724138
2014-10-02,0.0
2014-10-03,0.0
2014-10-04,25.193220338983053
2014-10-05,0.2745762711864407
2014-10-06,0.0
2014-10-07,0.0033898305084745766
2014-10-08,0.0
2014-10-09,0.05084745762711865
2014-10-10,0.0
2014-10-11,0.26610169491525426
2014-10-12,0.7966101694915254
2014-10-13,2.2966101694915255
2014-10-14,8.535593220338983
2014-10-15,1.6305084745762712
2014-10-16,8.73220338983051
2014-10-17,8.61967213114754
2014-10-18,11.241666666666667
2014-10-19,0.13442622950819674
2014-10-20,0.5049180327868853
2014-10-21,13.561666666666666
2014-10-22,4.280327868852459
2014-10-23,0.013114754098360656
2014-10-24,0.0
2014-10-25,0.0
2014-10-26,1.1573770491803277
2014-10-27,16.8344262295082
2014-10-28,5.021311475409837
2014-10-29,0.7311475409836066
2014-10-30,5.295081967213115
2014-10-31,14.898360655737704
2014-11-01,2.5566666666666666
2014-11-02,0.05
2014-11-03,0.010000000000000002
2014-11-04,0.06666666666666667
2014-11-05,12.125
2014-11-06,18.616666666666667
2014-11-07,14.848333333333333
2014-11-08,44.081355932203394
2014-11-09,10.931666666666667
2014-11-10,3.1483333333333334
2014-11-11,14.3
2014-11-12,11.931666666666667
2014-11-13,20.866666666666667
2014-11-14,1.145
2014-11-15,6.223333333333333
2014-11-16,7.766666666666667
2014-11-17,18.9135593220339
2014-11-18,5.391525423728814
2014-11-19,0.38305084745762713
2014-11-20,13.110344827586207
2014-11-21,0.8327586206896551
2014-11-22,3.2254237288135594
2014-11-23,18.04237288135593
2014-11-24,19.806779661016947
2014-11-25,13.330508474576272
2014-11-26,29.994915254237288
2014-11-27,0.8152542372881355
2014-11-28,2.5050000000000003
2014-11-29,13.974576271186441
2014-11-30,0.016666666666666666
2014-12-01,10.989830508474576
2014-12-02,0.01694915254237288
2014-12-03,0.06440677966101695
2014-12-04,38.029310344827586
2014-12-05,0.006896551724137932
2014-12-06,11.289830508474576
2014-12-07,27.332758620689653
2014-12-08,3.848275862068965
2014-12-09,0.4844827586206897
2014-12-10,0.30333333333333334
2014-12-11,17.544067796610168
2014-12-12,2.817241379310345
2014-12-13,20.716666666666665
2014-12-14,1.7316666666666665
2014-12-15,0.5783333333333334
2014-12-16,1.3850000000000002
2014-12-17,37.25
2014-12-18,11.327118644067795
2014-12-19,28.477966101694918
2014-12-20,12.955
2014-12-21,12.63728813559322
2014-12-22,3.459322033898305
2014-12-23,2.6766666666666667
2014-12-24,14.601666666666667
2014-12-25,1.8399999999999999
2014-12-26,54.190000000000005
2014-12-27,26.48813559322034
2014-12-28,2.2355932203389832
2014-12-29,4.530508474576272
2014-12-30,0.0
2014-12-31,0.02333333333333333
2015-01-01,0.305
2015-01-02,0.010000000000000002
2015-01-03,0.27666666666666667
2015-01-04,0.0033333333333333335
2015-01-05,0.1423728813559322
2015-01-06,31.42
2015-01-07,6.6883333333333335
2015-01-08,15.521666666666668
2015-01-09,1.2266666666666666
2015-01-10,3.6666666666666665
2015-01-11,7.253333333333333
2015-01-12,0.5866666666666667
2015-01-13,0.0
2015-01-14,0.0033898305084745766
2015-01-15,0.0
2015-01-16,0.0
2015-01-17,0.0
2015-01-18,0.0
2015-01-19,0.060000000000000005
2015-01-20,0.0
2015-01-21,18.961666666666666
2015-01-22,0.016666666666666666
2015-01-23,0.15666666666666668
2015-01-24,0.5433333333333332
2015-01-25,0.6366666666666667
2015-01-26,0.0
2015-01-27,0.0
2015-01-28,0.8868852459016394
2015-01-29,0.006557377049180328
2015-01-30,0.12903225806451613
2015-01-31,0.0
2015-02-01,0.0
2015-02-02,2.7096774193548385
2015-02-03,0.01935483870967742
2015-02-04,3.453225806451613
2015-02-05,0.15161290322580645
2015-02-06,12.833870967741936
2015-02-07,0.05161290322580645
2015-02-08,0.0
2015-02-09,0.0
2015-02-10,0.0
2015-02-11,0.0
2015-02-12,0.041935483870967745
2015-02-13,0.0
2015-02-14,0.0
2015-02-15,0.0
2015-02-16,0.0
2015-02-17,0.0
2015-02-18,1.8741935483870968
2015-02-19,21.114516129032257
2015-02-20,0.0
2015-02-21,0.0
2015-02-22,0.03870967741935484
2015-02-23,9.443548387096774
2015-02-24,0.016129032258064516
2015-02-25,3.7935483870967746
2015-02-26,0.8459016393442622
2015-02-27,0.0
2015-02-28,0.0
2015-03-01,0.5258064516129033
2015-03-02,7.8933333333333335
2015-03-03,0.060000000000000005
2015-03-04,6.3754098360655735
2015-03-05,0.18666666666666665
2015-03-06,0.14098360655737704
2015-03-07,0.0
2015-03-08,2.929032258064516
2015-03-09,8.79516129032258
2015-03-10,1.2533333333333334
2015-03-11,12.637096774193548
2015-03-12,0.036065573770491806
2015-03-13,0.0
2015-03-14,13.693548387096774
2015-03-15,3.8370967741935487
2015-03-16,3.578688524590164
2015-03-17,2.396774193548387
2015-03-18,0.02258064516129032
2015-03-19,8.316129032258065
2015-03-20,0.14838709677419354
2015-03-21,7.583870967741936
2015-03-22,38.34754098360656
2015-03-23,0.6852459016393443
2015-03-24,0.09838709677419356
2015-03-25,0.0
2015-03-26,0.035483870967741936
2015-03-27,0.004838709677419356
2015-03-28,4.703225806451614
2015-03-29,23.411290322580644
2015-03-30,0.22131147540983606
2015-03-31,11.018032786885247
2015-04-01,10.291935483870969
2015-04-02,27.27741935483871
2015-04-03,1.5338709677419355
2015-04-04,5.735483870967743
2015-04-05,6.611290322580645
2015-04-06,4.185483870967742
2015-04-07,3.4193548387096775
2015-04-08,0.8887096774193549
2015-04-09,0.2806451612903226
2015-04-10,0.4096774193548387
2015-04-11,8.224193548387097
2015-04-12,6.57258064516129
2015-04-13,0.24193548387096775
2015-04-14,0.0
2015-04-15,0.8612903225806451
2015-04-16,0.0032258064516129032
2015-04-17,2.3870967741935485
2015-04-18,2.9129032258064513
2015-04-19,8.983870967741936
2015-04-20,0.0467741935483871
2015-04-21,7.375806451612903
2015-04-22,10.408064516129032
2015-04-23,6.304838709677419
2015-04-24,17.811290322580643
2015-04-25,14.819354838709677
2015-04-26,8.430645161290323
2015-04-27,8.491935483870968
2015-04-28,35.86290322580645
2015-04-29,2.0725806451612905
2015-04-30,7.66
2015-05-01,0.43166666666666664
2015-05-02,4.705084745762712
2015-05-03,56.1948275862069
2015-05-04,0.5948275862068966
2015-05-05,0.4931034482758621
2015-05-06,6.05344827586207
2015-05-07,4.761016949152542
2015-05-08,8.668333333333333
2015-05-09,0.0033333333333333335
2015-05-10,0.38
2015-05-11,0.0
2015-05-12,1.4491525423728813
2015-05-13,3.727118644067797
2015-05-14,10.849152542372881
2015-05-15,19.976666666666667
2015-05-16,2.591666666666667
2015-05-17,1.9084745762711863
2015-05-18,21.833898305084748
2015-05-19,4.583050847457627
2015-05-20,5.389830508474576
2015-05-21,0.023333333333333334
2015-05-22,2.8633333333333337
2015-05-23,14.95
2015-05-24,0.13500000000000004
2015-05-25,2.5016666666666665
2015-05-26,6.7
2015-05-27,1.0766666666666667
2015-05-28,0.15666666666666668
2015-05-29,0.18166666666666667
2015-05-30,0.05500000000000001
2015-05-31,0.5266666666666667
2015-06-01,0.24193548387096775
2015-06-02,4.225806451612903
2015-06-03,0.017741935483870968
2015-06-04,2.379032258064516
2015-06-05,0.19032258064516128
2015-06-06,9.088709677419354
2015-06-07,11.62258064516129
2015-06-08,10.616129032258065
2015-06-09,0.8852459016393442
2015-06-10,0.4524590163934426
2015-06-11,1.2516129032258063
2015-06-12,16.190322580645162
2015-06-13,0.08387096774193549
2015-06-14,9.491935483870968
2015-06-15,0.4419354838709677
2015-06-16,9.404838709677419
2015-06-17,0.9629032258064517
2015-06-18,0.04838709677419355
2015-06-19,0.0
2015-06-20,0.0
2015-06-21,0.0
2015-06-22,0.0
2015-06-23,0.0
2015-06-24,0.45645161290322583
2015-06-25,0.0064516129032258064
2015-06-26,0.0
2015-06-27,0.0
2015-06-28,0.2935483870967742
2015-06-29,0.0
2015-06-30,0.0
2015-07-01,4.967213114754099
2015-07-02,0.3338709677419355
2015-07-03,0.041935483870967745
2015-07-04,23.548387096774192
2015-07-05,0.0
2015-07-06,0.4612903225806452
2015-07-07,0.2661290322580645
2015-07-08,7.169354838709677
2015-07-09,0.6016129032258064
2015-07-10,9.2
2015-07-11,1.467741935483871
2015-07-12,0.23606557377049178
2015-07-13,0.8426229508196721
2015-07-14,14.358064516129033
2015-07-15,0.016129032258064516
2015-07-16,2.6225806451612903
2015-07-17,11.524193548387096
2015-07-18,0.8370967741935483
2015-07-19,0.7354838709677419
2015-07-20,0.12950819672131147
2015-07-21,0.5278688524590165
2015-07-22,0.0
2015-07-23,0.07213114754098361
2015-07-24,0.35833333333333334
2015-07-25,0.0
2015-07-26,2.80655737704918
2015-07-27,0.6098360655737706
2015-07-28,2.379032258064516
2015-07-29,0.042622950819672135
2015-07-30,1.7508196721311475
2015-07-31,7.645901639344262
2015-08-01,0.6096774193548387
2015-08-02,0.21290322580645163
2015-08-03,23.29032258064516
2015-08-04,23.629508196721314
2015-08-05,0.12741935483870967
2015-08-06,14.720967741935485
2015-08-07,22.164516129032258
2015-08-08,18.77258064516129
2015-08-09,10.369354838709677
2015-08-10,0.6935483870967742
2015-08-11,9.916129032258064
2015-08-12,9.841935483870968
2015-08-13,0.5580645161290323
2015-08-14,0.0
2015-08-15,0.16451612903225804
2015-08-16,1.4241935483870967
2015-08-17,1.6290322580645162
2015-08-18,0.009677419354838712
2015-08-19,0.0
2015-08-20,0.0
2015-08-21,6.585245901639344
2015-08-22,0.6580645161290322
2015-08-23,0.0
2015-08-24,0.012903225806451613
2015-08-25,8.230645161290322
2015-08-26,0.8951612903225806
2015-08-27,0.0
2015-08-28,0.0
2015-08-29,0.006557377049180328
2015-08-30,1.3540983606557375
2015-08-31,0.036065573770491806
2015-09-01,0.11864406779661017
2015-09-02,0.0033333333333333335
2015-09-03,3.79
2015-09-04,4.173770491803278
2015-09-05,0.09836065573770492
2015-09-06,0.0
2015-09-07,0.0
2015-09-08,0.0
2015-09-09,16.757377049180327
2015-09-10,0.009836065573770493
2015-09-11,0.0
2015-09-12,0.0
2015-09-13,0.0
2015-09-14,1.7
2015-09-15,25.088524590163935
2015-09-16,11.095081967213114
2015-09-17,0.006557377049180328
2015-09-18,0.006557377049180328
2015-09-19,0.0
2015-09-20,2.7672131147540986
2015-09-21,6.055737704918032
2015-09-22,3.095081967213115
2015-09-23,0.0033333333333333335
2015-09-24,0.0
2015-09-25,0.0
2015-09-26,0.0
2015-09-27,0.6400000000000001
2015-09-28,28.96833333333333
2015-09-29,0.23728813559322035
2015-09-30,6.938983050847457
2015-10-01,0.455
2015-10-02,15.453333333333335
2015-10-03,0.006666666666666667
2015-10-04,0.0
2015-10-05,4.416666666666667
2015-10-06,11.573333333333332
2015-10-07,10.813333333333333
2015-10-08,1.1816666666666669
2015-10-09,0.0
2015-10-10,0.0
2015-10-11,0.0
2015-10-12,0.0033333333333333335
2015-10-13,2.2666666666666666
2015-10-14,1.2266666666666666
2015-10-15,0.0
2015-10-16,0.0
2015-10-17,0.0
2015-10-18,0.0
2015-10-19,0.0
2015-10-20,0.0
2015-10-21,0.0
2015-10-22,0.0
2015-10-23,0.0
2015-10-24,5.718032786885246
2015-10-25,2.236065573770492
2015-10-26,0.11666666666666667
2015-10-27,4.355737704918033
2015-10-28,18.84918032786885
2015-10-29,0.11475409836065574
2015-10-30,11.130508474576272
2015-10-31,5.221666666666667
2015-11-01,3.3372881355932202
2015-11-02,9.154237288135594
2015-11-03,0.5982758620689655
2015-11-04,1.4796610169491524
2015-11-05,0.5254237288135594
2015-11-06,1.194915254237288
2015-11-07,20.906896551724138
2015-11-08,4.677586206896552
2015-11-09,6.794827586206897
2015-11-10,2.320689655172414
2015-11-11,12.885714285714286
2015-11-12,2.717543859649123
2015-11-13,13.114035087719298
2015-11-14,0.06315789473684211
2015-11-15,3.1
2015-11-16,24.658928571428568
2015-11-17,25.539285714285715
2015-11-18,0.0
2015-11-19,5.035087719298246
2015-11-20,11.346428571428572
2015-11-21,9.846428571428572
2015-11-22,0.21607142857142855
2015-11-23,0.024999999999999998
2015-11-24,27.476363636363637
2015-11-25,15.225
2015-11-26,14.18392857142857
2015-11-27,3.3589285714285713
2015-11-28,3.491228070175439
2015-11-29,3.6052631578947367
2015-11-30,20.00172413793103
2015-12-01,32.762068965517244
2015-12-02,7.922807017543859
2015-12-03,6.312068965517242
2015-12-04,4.475862068965518
2015-12-05,35.10862068965517
2015-12-06,12.474137931034482
2015-12-07,0.055172413793103454
2015-12-08,21.394827586206898
2015-12-09,3.211864406779661
2015-12-10,28.273333333333333
2015-12-11,29.008333333333333
2015-12-12,21.81
2015-12-13,16.015
2015-12-14,3.0233333333333334
2015-12-15,0.02333333333333333
2015-12-16,0.56
2015-12-17,0.02
2015-12-18,3.7583333333333333
2015-12-19,0.2833333333333333
2015-12-20,0.0
2015-12-21,0.145
2015-12-22,0.31666666666666665
2015-12-23,8.013333333333334
2015-12-24,24.60666666666667
2015-12-25,3.856666666666667
2015-12-26,0.0033333333333333335
2015-12-27,1.1733333333333333
2015-12-28,18.721666666666668
2015-12-29,15.998305084745763
2015-12-30,0.30833333333333335
2015-12-31,9.553333333333335
2016-01-01,6.679661016949153
2016-01-02,20.18135593220339
2016-01-03,3.124137931034483
2016-01-04,4.36896551724138
2016-01-05,0.35172413793103446
2016-01-06,1.2610169491525425
2016-01-07,0.003448275862068966
2016-01-08,0.013559322033898306
2016-01-09,1.5966101694915256
2016-01-10,0.026666666666666665
2016-01-11,12.828333333333335
2016-01-12,0.056666666666666664
2016-01-13,0.47
2016-01-14,7.645
2016-01-15,14.836666666666668
2016-01-16,6.5600000000000005
2016-01-17,15.73728813559322
2016-01-18,11.706896551724139
2016-01-19,2.703448275862069
2016-01-20,4.705084745762712
2016-01-21,0.3310344827586207
2016-01-22,18.44237288135593
2016-01-23,7.992982456140351
2016-01-24,0.5810344827586207
2016-01-25,6.748275862068965
2016-01-26,4.3293103448275865
2016-01-27,0.18620689655172412
2016-01-28,12.60344827586207
2016-01-29,8.817241379310344
2016-01-30,0.03793103448275863
2016-01-31,6.9655172413793105
2016-02-01,0.010526315789473686
2016-02-02,4.370689655172414
2016-02-03,0.04827586206896552
2016-02-04,7.589473684210526
2016-02-05,11.201754385964913
2016-02-06,7.898245614035088
2016-02-07,24.50877192982456
2016-02-08,0.19107142857142856
2016-02-09,0.0071428571428571435
2016-02-10,1.1017857142857144
2016-02-11,0.12142857142857144
2016-02-12,12.853571428571428
2016-02-13,0.2245614035087719
2016-02-14,12.453571428571427
2016-02-15,1.0315789473684212
2016-02-16,0.010526315789473686
2016-02-17,0.0
2016-02-18,0.8586206896551725
2016-02-19,82.19830508474575
2016-02-20,4.691379310344828
2016-02-21,0.003448275862068966
2016-02-22,0.05862068965517241
2016-02-23,0.24912280701754386
2016-02-24,15.777586206896553
2016-02-25,0.1793103448275862
2016-02-26,0.01929824561403509
2016-02-27,0.0
2016-02-28,0.20689655172413793
2016-02-29,0.09999999999999999
2016-03-01,0.013559322033898306
2016-03-02,0.0
2016-03-03,0.03728813559322034
2016-03-04,1.513793103448276
2016-03-05,2.9551724137931035
2016-03-06,0.13793103448275862
2016-03-07,1.3551724137931036
2016-03-08,18.7135593220339
2016-03-09,0.07796610169491526
2016-03-10,10.59322033898305
2016-03-11,0.04406779661016949
2016-03-12,0.0
2016-03-13,16.516949152542374
2016-03-14,3.294915254237288
2016-03-15,0.02372881355932203
2016-03-16,0.0
2016-03-17,0.3050847457627119
2016-03-18,0.7084745762711864
2016-03-19,0.0
2016-03-20,2.657627118644068
2016-03-21,9.04915254237288
2016-03-22,1.11864406779661
2016-03-23,0.0
2016-03-24,3.274576271186441
2016-03-25,2.352542372881356
2016-03-26,0.0033898305084745766
2016-03-27,0.0
2016-03-28,0.0
2016-03-29,0.12413793103448276
2016-03-30,0.0
2016-03-31,0.3966101694915254
2016-04-01,0.0033898305084745766
2016-04-02,0.2457627118644068
2016-04-03,13.686440677966102
2016-04-04,3.3186440677966105
2016-04-05,6.266101694915254
2016-04-06,0.05423728813559322
2016-04-07,0.4372881355932203
2016-04-08,0.8101694915254238
2016-04-09,22.445762711864408
2016-04-10,4.93050847457627
2016-04-11,0.5864406779661017
2016-04-12,5.486440677966102
2016-04-13,3.3813559322033897
2016-04-14,2.6254237288135593
2016-04-15,2.3440677966101697
2016-04-16,8.164406779661016
2016-04-17,6.2
2016-04-18,0.0576271186440678
2016-04-19,0.0033898305084745766
2016-04-20,15.577966101694916
2016-04-21,0.752542372881356
2016-04-22,13.183050847457626
2016-04-23,10.447457627118643
2016-04-24,1.2457627118644068
2016-04-25,12.611864406779661
2016-04-26,2.888135593220339
2016-04-27,6.576271186440678
2016-04-28,3.615254237288136
2016-04-29,14.36101694915254
2016-04-30,11.35084745762712
2016-05-01,0.3152542372881356
2016-05-02,11.652542372881356
2016-05-03,0.34576271186440677
2016-05-04,0.006779661016949153
2016-05-05,7.8
2016-05-06,3.3728813559322033
2016-05-07,2.8491525423728814
2016-05-08,0.6864406779661016
2016-05-09,3.8796610169491528
2016-05-10,0.01694915254237288
2016-05-11,29.7
2016-05-12,1.388135593220339
2016-05-13,6.5288135593220336
2016-05-14,23.384745762711866
2016-05-15,11.783050847457629
2016-05-16,12.722033898305085
2016-05-17,4.230508474576271
2016-05-18,19.805084745762713
2016-05-19,1.5067796610169493
2016-05-20,0.18305084745762712
2016-05-21,10.445762711864406
2016-05-22,30.076271186440678
2016-05-23,1.5864406779661016
2016-05-24,2.272881355932203
2016-05-25,5.583050847457627
2016-05-26,0.19152542372881357
2016-05-27,0.0
2016-05-28,14.961016949152544
2016-05-29,1.0745762711864406
2016-05-30,2.3559322033898304
2016-05-31,0.1
2016-06-01,16.717241379310344
2016-06-02,11.610344827586207
2016-06-03,0.8844827586206896
2016-06-04,1.4982758620689656
2016-06-05,0.017241379310344827
2016-06-06,4.744827586206896
2016-06-07,0.6517241379310345
2016-06-08,24.970689655172414
2016-06-09,10.191379310344828
2016-06-10,2.493103448275862
2016-06-11,4.975862068965518
2016-06-12,0.9706896551724139
2016-06-13,4.324137931034483
2016-06-14,1.0448275862068965
2016-06-15,19.775862068965516
2016-06-16,7.318965517241379
2016-06-17,55.346428571428575
2016-06-18,1.0785714285714285
2016-06-19,0.021428571428571432
2016-06-20,0.024999999999999998
2016-06-21,0.4375
2016-06-22,7.264285714285714
2016-06-23,0.014285714285714287
2016-06-24,39.80535714285714
2016-06-25,0.7928571428571428
2016-06-26,0.3946428571428572
2016-06-27,0.0071428571428571435
2016-06-28,0.0035714285714285718
2016-06-29,0.0
2016-06-30,0.075
2016-07-01,0.0
2016-07-02,0.0
2016-07-03,0.0
2016-07-04,0.0
2016-07-05,0.0
2016-07-06,6.705454545454546
2016-07-07,2.92
2016-07-08,20.525454545454547
2016-07-09,0.0
2016-07-10,0.0
2016-07-11,12.00357142857143
2016-07-12,0.0035714285714285718
2016-07-13,15.860714285714286
2016-07-14,9.094642857142857
2016-07-15,20.876785714285713
2016-07-16,0.1375
2016-07-17,6.426785714285714
2016-07-18,7.3446428571428575
2016-07-19,16.657142857142855
2016-07-20,38.74464285714286
2016-07-21,21.892857142857142
2016-07-22,9.596363636363636
2016-07-23,4.58
2016-07-24,9.630357142857141
2016-07-25,0.29818181818181816
2016-07-26,20.054545454545455
2016-07-27,0.0036363636363636364
2016-07-28,14.885454545454547
2016-07-29,0.0036363636363636364
2016-07-30,0.011320754716981131
2016-07-31,6.294444444444444
2016-08-01,3.6218181818181816
2016-08-02,0.014285714285714287
2016-08-03,6.624528301886793
2016-08-04,0.0
2016-08-05,0.3071428571428571
2016-08-06,7.04
2016-08-07,0.10344827586206896
2016-08-08,0.0
2016-08-09,0.6724137931034483
2016-08-10,0.0
2016-08-11,6.139285714285714
2016-08-12,4.9071428571428575
2016-08-13,0.7732142857142856
2016-08-14,0.5857142857142856
2016-08-15,0.5290909090909092
2016-08-16,0.0
2016-08-17,6.832727272727273
2016-08-18,0.03571428571428571
2016-08-19,22.42641509433962
2016-08-20,2.3163636363636364
2016-08-21,19.06346153846154
2016-08-22,0.010714285714285716
2016-08-23,2.48
2016-08-24,31.18846153846154
2016-08-25,0.0
2016-08-26,0.0
2016-08-27,1.504
2016-08-28,0.6538461538461539
2016-08-29,0.36153846153846153
2016-08-30,5.961224489795919
2016-08-31,2.4470588235294115
2016-09-01,8.877551020408163
2016-09-02,0.028000000000000004
2016-09-03,0.00816326530612245
2016-09-04,6.289795918367346
2016-09-05,0.644
2016-09-06,5.175
2016-09-07,20.461224489795917
2016-09-08,0.0163265306122449
2016-09-09,4.281632653061225
2016-09-10,9.533333333333333
2016-09-11,4.589795918367347
2016-09-12,4.659183673469387
2016-09-13,0.004081632653061225
2016-09-14,21.608333333333334
2016-09-15,0.0
2016-09-16,14.827659574468084
2016-09-17,1.5562500000000001
2016-09-18,20.527083333333334
2016-09-19,14.489583333333334
2016-09-20,10.495833333333334
2016-09-21,1.6375
2016-09-22,0.004081632653061225
2016-09-23,0.004081632653061225
2016-09-24,0.2571428571428571
2016-09-25,1.2854166666666667
2016-09-26,0.15102040816326529
2016-09-27,0.19591836734693877
2016-09-28,0.05306122448979592
2016-09-29,0.0
2016-09-30,3.144897959183673
2016-10-01,0.3469387755102041
2016-10-02,0.6
2016-10-03,21.918367346938776
2016-10-04,0.30400000000000005
2016-10-05,0.44799999999999995
2016-10-06,5.489583333333333
2016-10-07,49.06041666666667
2016-10-08,0.05000000000000001
2016-10-09,2.7183673469387752
2016-10-10,0.472
2016-10-11,0.0
2016-10-12,0.49615384615384617
2016-10-13,0.4942307692307692
2016-10-14,21.799999999999997
2016-10-15,0.19629629629629633
2016-10-16,7.09074074074074
2016-10-17,0.08148148148148147
2016-10-18,3.7518518518518515
2016-10-19,15.920370370370371
2016-10-20,0.0
2016-10-21,8.405555555555555
2016-10-22,2.2518518518518515
2016-10-23,0.4222222222222222
2016-10-24,8.318867924528302
2016-10-25,33.57962962962963
2016-10-26,1.4222222222222223
2016-10-27,16.82777777777778
2016-10-28,7.043636363636363
2016-10-29,12.554545454545455
2016-10-30,1.0727272727272728
2016-10-31,0.15636363636363634
2016-11-01,26.541509433962265
2016-11-02,15.287037037037036
2016-11-03,5.0851851851851855
2016-11-04,5.035185185185185
2016-11-05,9.492592592592594
2016-11-06,0.8111111111111112
2016-11-07,3.1462962962962964
2016-11-08,0.06666666666666667
2016-11-09,7.798181818181818
2016-11-10,9.501886792452831
2016-11-11,9.246296296296297
2016-11-12,13.455555555555556
2016-11-13,2.3833333333333333
2016-11-14,34.79272727272727
2016-11-15,6.2745454545454535
2016-11-16,23.4125
2016-11-17,7.526785714285714
2016-11-18,9.623214285714285
2016-11-19,7.371428571428572
2016-11-20,5.351785714285714
2016-11-21,2.9267857142857143
2016-11-22,2.7410714285714284
2016-11-23,3.930357142857143
2016-11-24,0.05357142857142857
2016-11-25,15.77090909090909
2016-11-26,22.56
2016-11-27,4.989090909090908
2016-11-28,0.0
2016-11-29,0.15454545454545454
2016-11-30,0.0
2016-12-01,10.50357142857143
2016-12-02,2.7125
2016-12-03,3.3392857142857144
2016-12-04,2.757142857142857
2016-12-05,10.396428571428572
2016-12-06,4.421428571428572
2016-12-07,1.5357142857142858
2016-12-08,0.35178571428571426
2016-12-09,10.896428571428572
2016-12-10,2.1018181818181816
2016-12-11,3.6127272727272723
2016-12-12,0.0035714285714285718
2016-12-13,0.6089285714285715
2016-12-14,0.08214285714285716
2016-12-15,0.0071428571428571435
2016-12-16,0.4303571428571428
2016-12-17,10.680357142857144
2016-12-18,17.896428571428572
2016-12-19,1.4982142857142857
2016-12-20,0.1267857142857143
2016-12-21,1.2714285714285716
2016-12-22,24.767857142857142
2016-12-23,27.15357142857143
2016-12-24,34.901754385964914
2016-12-25,16.417543859649122
2016-12-26,0.024561403508771933
2016-12-27,5.010526315789474
2016-12-28,2.8526315789473684
2016-12-29,0.0
2016-12-30,5.073684210526316
2016-12-31,0.0035087719298245615
2017-01-01,15.985964912280702
2017-01-02,13.53103448275862
2017-01-03,2.5999999999999996
2017-01-04,2.6241379310344826
2017-01-05,1.8810344827586205
2017-01-06,0.12413793103448274
2017-01-07,0.0
2017-01-08,0.20172413793103447
2017-01-09,0.0
2017-01-10,7.272413793103448
2017-01-11,10.906896551724138
2017-01-12,0.013793103448275864
2017-01-13,0.6448275862068966
2017-01-14,0.3206896551724138
2017-01-15,1.0793103448275863
2017-01-16,0.26785714285714285
2017-01-17,0.041379310344827586
2017-01-18,22.17413793103448
2017-01-19,30.99310344827586
2017-01-20,4.6947368421052635
2017-01-21,25.32241379310345
2017-01-22,14.837931034482759
2017-01-23,73.07543859649122
2017-01-24,14.763157894736842
2017-01-25,5.394736842105263
2017-01-26,2.478947368421053
2017-01-27,0.6754385964912281
2017-01-28,4.040350877192982
2017-01-29,0.1105263157894737
2017-01-30,5.633333333333334
2017-01-31,0.09122807017543859
2017-02-01,0.5448275862068965
2017-02-02,1.7789473684210528
2017-02-03,16.510526315789473
2017-02-04,13.145614035087718
2017-02-05,2.2157894736842105
2017-02-06,0.8912280701754386
2017-02-07,12.012280701754387
2017-02-08,30.80892857142857
2017-02-09,0.26785714285714285
2017-02-10,0.0071428571428571435
2017-02-11,0.2017857142857143
2017-02-12,3.569642857142857
2017-02-13,2.5454545454545454
2017-02-14,1.7854545454545454
2017-02-15,8.867272727272727
2017-02-16,0.07090909090909092
2017-02-17,0.0
2017-02-18,0.0
2017-02-19,0.37636363636363634
2017-02-20,2.0839285714285714
2017-02-21,9.564912280701755
2017-02-22,0.11228070175438597
2017-02-23,11.389285714285714
2017-02-24,18.9280701754386
2017-02-25,6.987719298245614
2017-02-26,2.721052631578947
2017-02-27,0.7263157894736841
2017-02-28,10.794642857142858
2017-03-01,27.987272727272728
2017-03-02,0.4345454545454545
2017-03-03,18.96727272727273
2017-03-04,6.383636363636364
2017-03-05,6.569090909090909
2017-03-06,12.138181818181819
2017-03-07,1.8472727272727272
2017-03-08,1.309090909090909
2017-03-09,0.1890909090909091
2017-03-10,0.0
2017-03-11,9.22909090909091
2017-03-12,11.585454545454546
2017-03-13,3.234545454545455
2017-03-14,2.461818181818182
2017-03-15,0.0
2017-03-16,2.4272727272727272
2017-03-17,8.398181818181818
2017-03-18,5.514545454545455
2017-03-19,2.638181818181818
2017-03-20,8.755555555555556
2017-03-21,2.8425925925925926
2017-03-22,8.21923076923077
2017-03-23,0.03773584905660377
2017-03-24,0.7611111111111112
2017-03-25,18.253703703703703
2017-03-26,1.225925925925926
2017-03-27,1.0339622641509434
2017-03-28,4.342592592592593
2017-03-29,10.961818181818181
2017-03-30,10.814545454545454
2017-03-31,7.487272727272727
2017-04-01,6.527272727272727
2017-04-02,0.811111111111111
2017-04-03,7.2555555555555555
2017-04-04,5.978571428571429
2017-04-05,1.3596491228070176
2017-04-06,1.6303571428571428
2017-04-07,16.70754716981132
2017-04-08,3.521153846153846
2017-04-09,4.811320754716981
2017-04-10,2.598076923076923
2017-04-11,2.535294117647059
2017-04-12,15.136538461538462
2017-04-13,16.059615384615384
2017-04-14,15.005882352941176
2017-04-15,11.196078431372548
2017-04-16,3.041176470588235
2017-04-17,10.98235294117647
2017-04-18,37.756
2017-04-19,0.8142857142857143
2017-04-20,7.754901960784314
2017-04-21,31.35625
2017-04-22,5.450980392156863
2017-04-23,1.528
2017-04-24,11.927999999999999
2017-04-25,9.06
2017-04-26,7.7586956521739125
2017-04-27,17.091666666666665
2017-04-28,13.92608695652174
2017-04-29,1.3404255319148937
2017-04-30,1.9914893617021276
2017-05-01,0.710204081632653
2017-05-02,10.168085106382978
2017-05-03,0.4354166666666666
2017-05-04,9.823076923076924
2017-05-05,1.73
2017-05-06,5.952941176470588
2017-05-07,5.741509433962264
2017-05-08,0.16296296296296298
2017-05-09,2.928
2017-05-10,10.056000000000001
2017-05-11,1.2060000000000002
2017-05-12,15.87037037037037
2017-05-13,2.5839999999999996
2017-05-14,0.52
2017-05-15,12.041666666666666
2017-05-16,2.1772727272727272
2017-05-17,0.27450980392156865
2017-05-18,3.270588235294118
2017-05-19,0.3309090909090909
2017-05-20,0.040740740740740744
2017-05-21,14.84375
2017-05-22,25.454166666666666
2017-05-23,0.23137254901960785
2017-05-24,38.791489361702126
2017-05-25,0.19574468085106386
2017-05-26,22.297959183673466
2017-05-27,0.6276595744680851
2017-05-28,0.3617021276595745
2017-05-29,0.9059999999999999
2017-05-30,25.129166666666666
2017-05-31,42.077083333333334
2017-06-01,6.9170212765957455
2017-06-02,0.0
2017-06-03,0.0
2017-06-04,0.0
2017-06-05,0.08928571428571429
2017-06-06,0.0
2017-06-07,0.8962962962962963
2017-06-08,2.3685185185185187
2017-06-09,0.007272727272727273
2017-06-10,14.27843137254902
2017-06-11,0.05454545454545454
2017-06-12,0.037037037037037035
2017-06-13,0.5307692307692308
2017-06-14,24.35625
2017-06-15,1.0214285714285714
2017-06-16,6.9547169811320755
2017-06-17,0.2679245283018868
2017-06-18,31.388461538461538
2017-06-19,0.07894736842105263
2017-06-20,0.9036363636363637
2017-06-21,3.771698113207547
2017-06-22,0.03272727272727273
2017-06-23,8.275510204081632
2017-06-24,0.0
2017-06-25,13.923076923076923
2017-06-26,3.444897959183674
2017-06-27,1.8318181818181818
2017-06-28,12.253061224489796
2017-06-29,6.653488372093023
2017-06-30,0.004081632653061225
2017-07-01,0.032
2017-07-02,0.8740000000000001
2017-07-03,3.795555555555556
2017-07-04,0.0
2017-07-05,27.427083333333332
2017-07-06,0.33695652173913043
2017-07-07,0.66
2017-07-08,6.9450980392156865
2017-07-09,1.2916666666666667
2017-07-10,0.4407407407407407
2017-07-11,12.826923076923077
2017-07-12,17.079245283018867
2017-07-13,7.212000000000001
2017-07-14,40.833333333333336
2017-07-15,7.620454545454546
2017-07-16,0.1980769230769231
2017-07-17,0.0
2017-07-18,0.0
2017-07-19,0.0
2017-07-20,0.03214285714285715
2017-07-21,0.0
2017-07-22,0.0
2017-07-23,0.0
2017-07-24,0.0
2017-07-25,0.0
2017-07-26,4.6648148148148145
2017-07-27,0.0036363636363636364
2017-07-28,0.0
2017-07-29,0.13818181818181818
2017-07-30,0.2943396226415094
2017-07-31,0.08846153846153847
2017-08-01,2.8111111111111113
2017-08-02,0.06545454545454546
2017-08-03,0.0
2017-08-04,0.0
2017-08-05,0.16964285714285715
2017-08-06,8.192727272727272
2017-08-07,1.9854545454545456
2017-08-08,5.054545454545455
2017-08-09,0.9481481481481481
2017-08-10,0.05454545454545454
2017-08-11,27.789285714285715
2017-08-12,13.925925925925926
2017-08-13,1.7150943396226417
2017-08-14,1.1309090909090909
2017-08-15,14.02909090909091
2017-08-16,0.0
2017-08-17,36.4625
2017-08-18,7.032727272727273
2017-08-19,4.383636363636364
2017-08-20,1.1851851851851851
2017-08-21,3.4109090909090907
2017-08-22,1.4771929824561405
2017-08-23,0.0
2017-08-24,2.126315789473684
2017-08-25,0.15357142857142855
2017-08-26,0.0
2017-08-27,6.421153846153846
2017-08-28,1.3589285714285713
2017-08-29,1.450909090909091
2017-08-30,0.8740740740740741
2017-08-31,0.04
2017-09-01,0.7263157894736841
2017-09-02,0.0
2017-09-03,0.056140350877192984
2017-09-04,0.08070175438596493
2017-09-05,5.201754385964913
2017-09-06,18.708928571428572
2017-09-07,3.924561403508772
2017-09-08,17.142105263157895
2017-09-09,2.5842105263157897
2017-09-10,4.043859649122807
2017-09-11,13.80185185185185
2017-09-12,0.0
2017-09-13,0.0
2017-09-14,5.733962264150943
2017-09-15,13.192592592592591
2017-09-16,12.926415094339623
2017-09-17,6.821818181818181
2017-09-18,20.74074074074074
2017-09-19,9.030909090909091
2017-09-20,8.70188679245283
2017-09-21,5.834545454545454
2017-09-22,1.549122807017544
2017-09-23,4.454385964912281
2017-09-24,8.224561403508773
2017-09-25,0.37894736842105264
2017-09-26,13.124561403508773
2017-09-27,1.0403508771929824
2017-09-28,1.5892857142857142
2017-09-29,19.807142857142857
2017-09-30,1.4821428571428572
2017-10-01,7.814035087719298
2017-10-02,0.028070175438596492
2017-10-03,7.419298245614035
2017-10-04,8.194642857142856
2017-10-05,4.889090909090909
2017-10-06,14.885964912280702
2017-10-07,18.101754385964913
2017-10-08,18.560714285714287
2017-10-09,17.82857142857143
2017-10-10,10.475
2017-10-11,8.503571428571428
2017-10-12,26.4
2017-10-13,2.043859649122807
2017-10-14,0.0
2017-10-15,0.0
2017-10-16,0.3982456140350877
2017-10-17,0.0035087719298245615
2017-10-18,0.0
2017-10-19,0.0035087719298245615
2017-10-20,0.0
2017-10-21,1.4175438596491228
2017-10-22,0.8596491228070176
2017-10-23,2.3964912280701753
2017-10-24,4.3875
2017-10-25,4.543859649122807
2017-10-26,3.008771929824561
2017-10-27,2.1125
2017-10-28,0.0
2017-10-29,5.833928571428571
2017-10-30,24.503508771929827
2017-10-31,3.47962962962963
2017-11-01,0.1767857142857143
2017-11-02,0.256140350877193
2017-11-03,17.24642857142857
2017-11-04,9.110526315789473
2017-11-05,3.2964912280701757
2017-11-06,46.49636363636364
2017-11-07,3.8947368421052633
2017-11-08,6.485454545454545
2017-11-09,28.021818181818183
2017-11-10,20.067857142857143
2017-11-11,14.809433962264151
2017-11-12,6.708333333333333
2017-11-13,7.394117647058824
2017-11-14,57.15094339622642
2017-11-15,0.30357142857142855
2017-11-16,6.4345454545454555
2017-11-17,10.011538461538462
2017-11-18,13.418181818181818
2017-11-19,0.8218181818181819
2017-11-20,5.962264150943396
2017-11-21,9.87
2017-11-22,12.37962962962963
2017-11-23,10.771698113207547
2017-11-24,7.134615384615385
2017-11-25,14.716666666666667
2017-11-26,5.520370370370371
2017-11-27,1.63
2017-11-28,3.5754716981132075
2017-11-29,5.624528301886793
2017-11-30,1.5092592592592593
2017-12-01,0.025925925925925925
2017-12-02,0.018518518518518517
2017-12-03,0.5018518518518519
2017-12-04,2.3981481481481484
2017-12-05,2.7173076923076924
2017-12-06,1.7851851851851852
2017-12-07,6.871153846153846
2017-12-08,0.03018867924528302
2017-12-09,0.3333333333333333
2017-12-10,22.462962962962962
2017-12-11,25.521818181818183
2017-12-12,18.447169811320755
2017-12-13,20.971698113207548
2017-12-14,3.790566037735849
2017-12-15,20.06153846153846
2017-12-16,7.484615384615385
2017-12-17,0.018867924528301886
2017-12-18,0.041509433962264156
2017-12-19,1.7615384615384615
2017-12-20,0.1411764705882353
2017-12-21,0.0
2017-12-22,26.21320754716981
2017-12-23,6.373584905660378
2017-12-24,0.04905660377358491
2017-12-25,16.98076923076923
2017-12-26,4.921568627450981
2017-12-27,7.145283018867924
2017-12-28,7.177358490566038
2017-12-29,1.669811320754717
2017-12-30,13.515384615384615
2017-12-31,68.7764705882353
2018-01-01,43.52173913043478
2018-01-02,8.159574468085106
2018-01-03,14.755102040816327
2018-01-04,0.8903846153846153
2018-01-05,8.73469387755102
2018-01-06,0.0
2018-01-07,7.362
2018-01-08,55.236170212765956
2018-01-09,19.244
2018-01-10,20.074418604651164
2018-01-11,13.485714285714286
2018-01-12,8.478048780487805
2018-01-13,19.089189189189188
2018-01-14,5.723529411764706
2018-01-15,0.8074999999999999
2018-01-16,0.18846153846153849
2018-01-17,0.8226415094339623
2018-01-18,0.7301886792452831
2018-01-19,19.005357142857143
2018-01-20,11.60909090909091
2018-01-21,0.5464285714285715
2018-01-22,0.8836363636363637
2018-01-23,8.705454545454545
2018-01-24,33.47818181818182
2018-01-25,5.334615384615384
2018-01-26,15.43392857142857
2018-01-27,0.7125
2018-01-28,11.935714285714285
2018-01-29,0.10892857142857142
2018-01-30,11.891071428571427
2018-01-31,13.19107142857143
2018-02-01,2.585714285714286
2018-02-02,6.5
2018-02-03,0.36538461538461536
2018-02-04,1.0072727272727273
2018-02-05,0.10545454545454545
2018-02-06,0.0
2018-02-07,0.0
2018-02-08,0.0
2018-02-09,0.0
2018-02-10,0.0
2018-02-11,0.0
2018-02-12,0.0
2018-02-13,0.03214285714285715
2018-02-14,1.0392857142857144
2018-02-15,1.698214285714286
2018-02-16,0.014285714285714287
2018-02-17,1.969642857142857
2018-02-18,0.0
2018-02-19,0.0
2018-02-20,0.0
2018-02-21,0.19285714285714287
2018-02-22,0.45
2018-02-23,18.119642857142857
2018-02-24,0.6396226415094339
2018-02-25,0.06250000000000001
2018-02-26,0.0
2018-02-27,1.1071428571428572
2018-02-28,18.6875
2018-03-01,2.0357142857142856
2018-03-02,14.489285714285714
2018-03-03,7.048214285714286
2018-03-04,9.362499999999999
2018-03-05,0.03571428571428571
2018-03-06,4.7375
2018-03-07,9.4
2018-03-08,0.1660714285714286
2018-03-09,0.0071428571428571435
2018-03-10,12.95090909090909
2018-03-11,0.04642857142857143
2018-03-12,4.942857142857143
2018-03-13,0.05357142857142857
2018-03-14,0.3410714285714285
2018-03-15,0.0
2018-03-16,3.355357142857143
2018-03-17,5.075
2018-03-18,0.8107142857142857
2018-03-19,1.9660714285714285
2018-03-20,12.971428571428572
2018-03-21,0.23571428571428574
2018-03-22,0.0
2018-03-23,0.024999999999999998
2018-03-24,12.357142857142858
2018-03-25,3.6750000000000003
2018-03-26,15.283928571428572
2018-03-27,6.007692307692308
2018-03-28,5.585454545454545
2018-03-29,1.050909090909091
2018-03-30,10.726923076923075
2018-03-31,0.08727272727272727
2018-04-01,15.91851851851852
2018-04-02,6.127272727272727
2018-04-03,0.75
2018-04-04,0.0035714285714285718
2018-04-05,1.5636363636363637
2018-04-06,1.4842105263157894
2018-04-07,29.178947368421053
2018-04-08,0.8962962962962963
2018-04-09,0.010526315789473686
2018-04-10,0.0035087719298245615
2018-04-11,0.06315789473684211
2018-04-12,1.0385964912280703
2018-04-13,0.7508771929824561
2018-04-14,22.723636363636363
2018-04-15,13.982142857142858
2018-04-16,4.809259259259259
2018-04-17,9.739285714285714
2018-04-18,0.3403508771929824
2018-04-19,10.28421052631579
2018-04-20,36.526785714285715
2018-04-21,4.992727272727273
2018-04-22,6.4381818181818184
2018-04-23,19.76909090909091
2018-04-24,2.169090909090909
2018-04-25,0.0
2018-04-26,6.1125
2018-04-27,19.48771929824561
2018-04-28,4.010714285714285
2018-04-29,0.015789473684210527
2018-04-30,2.832142857142857
2018-05-01,17.12727272727273
2018-05-02,6.783928571428571
2018-05-03,17.798181818181817
2018-05-04,9.014545454545456
2018-05-05,3.3857142857142857
2018-05-06,0.6618181818181817
2018-05-07,0.010714285714285714
2018-05-08,0.0035714285714285718
2018-05-09,0.0
2018-05-10,0.3052631578947368
2018-05-11,5.628571428571428
2018-05-12,2.501785714285714
2018-05-13,14.148214285714285
2018-05-14,3.1214285714285714
2018-05-15,11.478571428571428
2018-05-16,16.001818181818184
2018-05-17,3.524561403508772
2018-05-18,22.392982456140352
2018-05-19,10.371929824561404
2018-05-20,9.236363636363636
2018-05-21,1.0036363636363637
2018-05-22,1.1327272727272728
2018-05-23,16.325454545454544
2018-05-24,0.5214285714285715
2018-05-25,4.273684210526316
2018-05-26,31.98181818181818
2018-05-27,4.4245283018867925
2018-05-28,10.492592592592594
2018-05-29,6.209090909090909
2018-05-30,6.024074074074075
2018-05-31,3.7545454545454544
2018-06-01,29.56181818181818
2018-06-02,41.45636363636363
2018-06-03,0.16363636363636364
2018-06-04,1.7964285714285713
2018-06-05,0.0
2018-06-06,0.0
2018-06-07,0.0
2018-06-08,10.277192982456139
2018-06-09,0.0
2018-06-10,0.0
2018-06-11,0.0
2018-06-12,0.08421052631578947
2018-06-13,8.078947368421053
2018-06-14,3.809090909090909
2018-06-15,16.173076923076923
2018-06-16,0.01509433962264151
2018-06-17,0.5535714285714286
2018-06-18,12.06607142857143
2018-06-19,8.6625
2018-06-20,20.530357142857145
2018-06-21,0.9870370370370372
2018-06-22,2.062962962962963
2018-06-23,9.975
2018-06-24,3.0910714285714285
2018-06-25,15.671929824561403
2018-06-26,21.984210526315792
2018-06-27,16.65090909090909
2018-06-28,2.0962264150943395
2018-06-29,37.019999999999996
2018-06-30,0.04363636363636363
2018-07-01,9.403571428571428
2018-07-02,0.6622641509433963
2018-07-03,12.283636363636363
2018-07-04,0.08214285714285716
2018-07-05,0.0
2018-07-06,0.0071428571428571435
2018-07-07,8.619642857142857
2018-07-08,0.01090909090909091
2018-07-09,2.729090909090909
2018-07-10,9.273684210526316
2018-07-11,0.02105263157894737
2018-07-12,0.007017543859649123
2018-07-13,0.010526315789473684
2018-07-14,2.2563636363636363
2018-07-15,16.583636363636366
2018-07-16,0.0
2018-07-17,0.0
2018-07-18,0.010526315789473684
2018-07-19,14.042105263157895
2018-07-20,6.266666666666667
2018-07-21,3.743859649122807
2018-07-22,2.2403508771929825
2018-07-23,0.007017543859649123
2018-07-24,0.03508771929824561
2018-07-25,11.62280701754386
2018-07-26,0.0
2018-07-27,0.0
2018-07-28,0.010526315789473686
2018-07-29,1.0192982456140351
2018-07-30,12.33148148148148
2018-07-31,0.18727272727272729
2018-08-01,1.0763636363636364
2018-08-02,0.0
2018-08-03,0.03157894736842105
2018-08-04,6.676785714285714
2018-08-05,4.239285714285715
2018-08-06,0.017857142857142856
2018-08-07,0.23508771929824562
2018-08-08,3.8771929824561404
2018-08-09,0.0
2018-08-10,0.0
2018-08-11,0.0
2018-08-12,0.0
2018-08-13,0.0
2018-08-14,0.5464285714285715
2018-08-15,0.10175438596491228
2018-08-16,0.0
2018-08-17,6.507017543859649
2018-08-18,0.29298245614035084
2018-08-19,0.6892857142857143
2018-08-20,2.5517857142857143
2018-08-21,0.0035087719298245615
2018-08-22,30.4
2018-08-23,1.1526315789473685
2018-08-24,14.296491228070176
2018-08-25,0.014035087719298246
2018-08-26,0.0
2018-08-27,0.0035087719298245615
2018-08-28,1.8719298245614036
2018-08-29,0.3053571428571429
2018-08-30,0.5684210526315789
2018-08-31,14.99642857142857
2018-09-01,4.3127272727272725
2018-09-02,6.398148148148148
2018-09-03,0.2963636363636364
2018-09-04,26.10925925925926
2018-09-05,0.007407407407407408
2018-09-06,0.0
2018-09-07,25.187272727272727
2018-09-08,32.84615384615385
2018-09-09,10.033928571428572
2018-09-10,5.116363636363636
2018-09-11,2.0703703703703704
2018-09-12,1.2490566037735849
2018-09-13,0.0
2018-09-14,0.0
2018-09-15,0.021818181818181816
2018-09-16,0.06481481481481481
2018-09-17,0.0036363636363636364
2018-09-18,5.551851851851852
2018-09-19,33.28
2018-09-20,10.943636363636363
2018-09-21,14.959999999999999
2018-09-22,4.96
2018-09-23,0.007272727272727273
2018-09-24,0.0
2018-09-25,0.0071428571428571435
2018-09-26,3.7464285714285714
2018-09-27,0.0035714285714285718
2018-09-28,0.0
2018-09-29,0.03214285714285715
2018-09-30,0.0036363636363636364
2018-10-01,0.04642857142857143
2018-10-02,0.0
2018-10-03,0.05178571428571428
2018-10-04,0.08571428571428572
2018-10-05,0.0
2018-10-06,9.739285714285714
2018-10-07,6.2178571428571425
2018-10-08,20.080357142857142
2018-10-09,26.753703703703703
2018-10-10,33.31090909090909
2018-10-11,25.365454545454543
2018-10-12,11.95090909090909
2018-10-13,7.666071428571429
2018-10-14,12.57037037037037
2018-10-15,0.04363636363636364
2018-10-16,5.980357142857144
2018-10-17,2.894642857142857
2018-10-18,7.876363636363636
2018-10-19,7.86
2018-10-20,0.8836363636363636
2018-10-21,1.0321428571428573
2018-10-22,1.4535714285714287
2018-10-23,20.51607142857143
2018-10-24,1.4072727272727275
2018-10-25,9.25925925925926
2018-10-26,8.39090909090909
2018-10-27,5.603571428571429
2018-10-28,11.145454545454545
2018-10-29,7.672727272727273
2018-10-30,15.534545454545453
2018-10-31,0.9428571428571428
2018-11-01,3.519642857142857
2018-11-02,4.9111111111111105
2018-11-03,11.203636363636365
2018-11-04,11.092727272727274
2018-11-05,4.225925925925925
2018-11-06,4.816981132075472
2018-11-07,13.72037037037037
2018-11-08,20.387272727272727
2018-11-09,11.8
2018-11-10,16.461111111111112
2018-11-11,28.696296296296296
2018-11-12,14.594642857142858
2018-11-13,1.8222222222222224
2018-11-14,25.039622641509432
2018-11-15,15.621818181818183
2018-11-16,0.08363636363636365
2018-11-17,17.0962962962963
2018-11-18,4.435849056603773
2018-11-19,13.467924528301886
2018-11-20,3.628846153846154
2018-11-21,24.18888888888889
2018-11-22,18.677777777777777
2018-11-23,7.809259259259259
2018-11-24,0.27636363636363637
2018-11-25,9.080357142857142
2018-11-26,10.494545454545456
2018-11-27,11.341071428571428
2018-11-28,5.466071428571429
2018-11-29,6.060714285714285
2018-11-30,4.529090909090909
2018-12-01,16.134545454545453
2018-12-02,9.575000000000001
2018-12-03,6.847272727272728
2018-12-04,2.5519230769230767
2018-12-05,22.135849056603774
2018-12-06,8.07843137254902
2018-12-07,6.477358490566038
2018-12-08,14.315384615384614
2018-12-09,5.211764705882353
2018-12-10,8.99
2018-12-11,25.746938775510202
2018-12-12,20.673076923076923
2018-12-13,0.2
2018-12-14,0.09
2018-12-15,18.676923076923078
2018-12-16,12.680392156862746
2018-12-17,1.5634615384615385
2018-12-18,0.5811320754716982
2018-12-19,5.769230769230769
2018-12-20,10.369811320754717
2018-12-21,1.8716981132075472
2018-12-22,2.3924528301886796
2018-12-23,3.509433962264151
2018-12-24,0.3185185185185185
2018-12-25,0.09411764705882353
2018-12-26,2.548076923076923
2018-12-27,0.011320754716981133
2018-12-28,0.0
2018-12-29,0.35769230769230764
2018-12-30,1.8764705882352941
2018-12-31,24.263461538461538
2019-01-01,5.31923076923077
2019-01-02,0.023529411764705885
2019-01-03,0.15849056603773587
2019-01-04,0.0
2019-01-05,6.237254901960784
2019-01-06,0.047058823529411764
2019-01-07,0.0
2019-01-08,7.846153846153846
2019-01-09,0.18846153846153849
2019-01-10,0.0
2019-01-11,1.228846153846154
2019-01-12,10.398148148148149
2019-01-13,5.994339622641509
2019-01-14,1.1725490196078432
2019-01-15,2.8641509433962264
2019-01-16,0.01090909090909091
2019-01-17,14.828301886792453
2019-01-18,35.445283018867926
2019-01-19,0.0
2019-01-20,0.4339622641509434
2019-01-21,2.5596153846153844
2019-01-22,0.0
2019-01-23,0.14339622641509434
2019-01-24,0.07924528301886793
2019-01-25,0.24716981132075472
2019-01-26,0.0
2019-01-27,0.2865384615384615
2019-01-28,0.5764705882352941
2019-01-29,0.32156862745098036
2019-01-30,0.0
2019-01-31,0.026415094339622643
2019-02-01,0.011320754716981133
2019-02-02,0.03962264150943397
2019-02-03,0.19999999999999998
2019-02-04,8.89245283018868
2019-02-05,0.03018867924528302
2019-02-06,0.0
2019-02-07,4.239622641509434
2019-02-08,0.709433962264151
2019-02-09,0.3074074074074074
2019-02-10,0.5888888888888889
2019-02-11,0.0
2019-02-12,0.007407407407407408
2019-02-13,0.049019607843137254
2019-02-14,0.0
2019-02-15,0.5547169811320755
2019-02-16,0.0
2019-02-17,15.27843137254902
2019-02-18,7.006
2019-02-19,8.363999999999999
2019-02-20,5.171153846153846
2019-02-21,0.0
2019-02-22,1.006
2019-02-23,0.012
2019-02-24,0.0
2019-02-25,0.0
2019-02-26,0.7040000000000001
2019-02-27,0.2122448979591837
2019-02-28,0.13333333333333336
2019-03-01,0.0
2019-03-02,0.011538461538461537
2019-03-03,0.10384615384615385
2019-03-04,6.076470588235294
2019-03-05,0.7307692307692307
2019-03-06,0.09600000000000002
2019-03-07,1.2470588235294116
2019-03-08,0.00392156862745098
2019-03-09,0.7803921568627452
2019-03-10,1.006
2019-03-11,32.308
2019-03-12,1.5632653061224488
2019-03-13,0.5469387755102041
2019-03-14,0.0
2019-03-15,0.0
2019-03-16,1.6705882352941175
2019-03-17,0.0
2019-03-18,0.0
2019-03-19,0.0
2019-03-20,0.00392156862745098
2019-03-21,38.251999999999995
2019-03-22,1.086
2019-03-23,3.1183673469387756
2019-03-24,4.685714285714286
2019-03-25,10.108163265306123
2019-03-26,0.02448979591836735
2019-03-27,0.02040816326530612
2019-03-28,17.946938775510205
2019-03-29,0.016
2019-03-30,4.987755102040817
2019-03-31,0.45714285714285713
2019-04-01,26.065957446808508
2019-04-02,0.19215686274509805
2019-04-03,30.13
2019-04-04,11.152000000000001
2019-04-05,3.9791666666666665
2019-04-06,0.004
2019-04-07,0.00784313725490196
2019-04-08,0.5576923076923077
2019-04-09,7.813725490196078
2019-04-10,6.997959183673469
2019-04-11,4.929166666666666
2019-04-12,1.0729166666666667
2019-04-13,0.08627450980392158
2019-04-14,8.128571428571428
2019-04-15,0.055999999999999994
2019-04-16,1.2
2019-04-17,0.8081632653061225
2019-04-18,1.3583333333333334
2019-04-19,5.957142857142858
2019-04-20,10.742222222222223
2019-04-21,1.2543478260869565
2019-04-22,1.6244444444444444
2019-04-23,22.644444444444446
2019-04-24,4.05531914893617
2019-04-25,7.033333333333333
2019-04-26,47.94772727272727
2019-04-27,10.475555555555555
2019-04-28,1.5999999999999999
2019-04-29,6.925531914893617
2019-04-30,1.2958333333333332
2019-05-01,0.012000000000000002
2019-05-02,3.194
2019-05-03,1.838
2019-05-04,10.439583333333333
2019-05-05,1.3499999999999999
2019-05-06,0.0
2019-05-07,3.2039999999999997
2019-05-08,55.70204081632653
2019-05-09,0.06
2019-05-10,17.544897959183675
2019-05-11,6.577551020408164
2019-05-12,0.8775510204081632
2019-05-13,8.470588235294118
2019-05-14,7.189795918367347
2019-05-15,6.728571428571429
2019-05-16,8.025
2019-05-17,9.532608695652174
2019-05-18,0.07346938775510205
2019-05-19,7.98125
2019-05-20,1.0591836734693878
2019-05-21,1.9183673469387754
2019-05-22,5.438775510204081
2019-05-23,0.36
2019-05-24,0.0
2019-05-25,0.456
2019-05-26,0.012000000000000002
2019-05-27,1.4470588235294117
2019-05-28,0.5607843137254902
2019-05-29,5.556
2019-05-30,15.783673469387754
2019-05-31,2.5729166666666665
2019-06-01,1.15
2019-06-02,23.912
2019-06-03,34.55102040816327
2019-06-04,3.601960784313725
2019-06-05,0.7559999999999999
2019-06-06,12.683333333333332
2019-06-07,19.030434782608694
2019-06-08,3.35
2019-06-09,3.4399999999999995
2019-06-10,0.6775510204081633
2019-06-11,20.405882352941177
2019-06-12,25.264705882352942
2019-06-13,4.605882352941177
2019-06-14,1.8269230769230769
2019-06-15,4.954901960784314
2019-06-16,0.0
2019-06-17,4.710204081632654
2019-06-18,14.101960784313727
2019-06-19,5.1979999999999995
2019-06-20,6.561224489795919
2019-06-21,3.1857142857142855
2019-06-22,21.054901960784314
2019-06-23,0.01568627450980392
2019-06-24,0.6882352941176471
2019-06-25,0.0038461538461538464
2019-06-26,6.443137254901961
2019-06-27,0.0
2019-06-28,0.0
2019-06-29,3.535294117647059
2019-06-30,1.5132075471698114
2019-07-01,0.04615384615384615
2019-07-02,0.040740740740740744
2019-07-03,4.098076923076923
2019-07-04,2.5442307692307695
2019-07-05,0.674074074074074
2019-07-06,3.3288461538461536
2019-07-07,6.411538461538461
2019-07-08,13.837254901960785
2019-07-09,12.788
2019-07-10,0.003703703703703704
2019-07-11,0.0
2019-07-12,0.011320754716981131
2019-07-13,0.0
2019-07-14,0.0
2019-07-15,8.448076923076924
2019-07-16,1.8519230769230768
2019-07-17,0.15555555555555556
2019-07-18,0.0
2019-07-19,0.0
2019-07-20,0.0
2019-07-21,1.335185185185185
2019-07-22,5.2
2019-07-23,11.684905660377357
2019-07-24,4.8283018867924525
2019-07-25,0.0
2019-07-26,0.0
2019-07-27,0.003703703703703704
2019-07-28,0.06296296296296296
2019-07-29,0.0
2019-07-30,0.5388888888888889
2019-07-31,0.0
2019-08-01,0.0
2019-08-02,0.0
2019-08-03,0.0
2019-08-04,0.04716981132075472
2019-08-05,0.709433962264151
2019-08-06,0.3111111111111111
2019-08-07,0.5754716981132075
2019-08-08,0.0
2019-08-09,0.0
2019-08-10,0.007407407407407408
2019-08-11,0.0
2019-08-12,0.0
2019-08-13,0.0
2019-08-14,1.3703703703703705
2019-08-15,0.003703703703703704
2019-08-16,0.0
2019-08-17,2.5622641509433963
2019-08-18,0.0
2019-08-19,0.0
2019-08-20,0.040740740740740744
2019-08-21,0.4925925925925925
2019-08-22,0.0
2019-08-23,0.0
2019-08-24,0.0
2019-08-25,0.4679245283018868
2019-08-26,11.724528301886792
2019-08-27,4.0452830188679245
2019-08-28,1.1433962264150943
2019-08-29,0.046296296296296294
2019-08-30,12.215384615384616
2019-08-31,0.0
2019-09-01,0.011111111111111112
2019-09-02,0.7814814814814816
2019-09-03,0.0
2019-09-04,16.007692307692306
2019-09-05,0.5148148148148148
2019-09-06,0.0
2019-09-07,0.0
2019-09-08,0.0
2019-09-09,0.0
2019-09-10,0.007407407407407408
2019-09-11,0.0
2019-09-12,0.0
2019-09-13,0.0
2019-09-14,1.1372549019607843
2019-09-15,0.007692307692307693
2019-09-16,0.0
2019-09-17,0.0
2019-09-18,0.0
2019-09-19,0.0
2019-09-20,0.025925925925925925
2019-09-21,0.0
2019-09-22,0.0
2019-09-23,0.5584905660377358
2019-09-24,0.32452830188679244
2019-09-25,36.98076923076923
2019-09-26,0.027450980392156866
2019-09-27,2.1188679245283017
2019-09-28,0.749056603773585
2019-09-29,19.32264150943396
2019-09-30,21.53018867924528
2019-10-01,1.0415094339622641
2019-10-02,2.3076923076923075
2019-10-03,0.04814814814814815
2019-10-04,8.652830188679246
2019-10-05,1.585185185185185
2019-10-06,1.1905660377358491
2019-10-07,16.305555555555557
2019-10-08,1.8596153846153847
2019-10-09,6.898148148148148
2019-10-10,2.80188679245283
2019-10-11,0.5111111111111111
2019-10-12,5.107547169811321
2019-10-13,2.843396226415094
2019-10-14,0.12037037037037036
2019-10-15,2.9
2019-10-16,4.796296296296297
2019-10-17,7.434615384615385
2019-10-18,3.8388888888888886
2019-10-19,0.3
2019-10-20,1.028301886792453
2019-10-21,10.673584905660379
2019-10-22,27.330188679245282
2019-10-23,5.072549019607843
2019-10-24,0.14038461538461539
2019-10-25,4.640740740740741
2019-10-26,12.992592592592594
2019-10-27,21.088461538461537
2019-10-28,4.37037037037037
2019-10-29,0.17547169811320754
2019-10-30,3.218867924528302
2019-10-31,0.6
2019-11-01,5.248076923076923
2019-11-02,4.3283018867924525
2019-11-03,4.472222222222222
2019-11-04,3.5905660377358486
2019-11-05,8.485185185185186
2019-11-06,0.003703703703703704
2019-11-07,0.0
2019-11-08,14.416981132075472
2019-11-09,0.0
2019-11-10,0.09259259259259259
2019-11-11,1.837037037037037
2019-11-12,6.04074074074074
2019-11-13,3.0
2019-11-14,0.3851851851851852
2019-11-15,1.5259259259259261
2019-11-16,2.990740740740741
2019-11-17,0.0
2019-11-18,6.503773584905661
2019-11-19,4.016981132075472
2019-11-20,15.621153846153845
2019-11-21,0.342
2019-11-22,2.6849056603773587
2019-11-23,11.652830188679246
2019-11-24,11.788461538461538
2019-11-25,11.25
2019-11-26,0.22592592592592592
2019-11-27,2.994444444444444
2019-11-28,12.761111111111111
2019-11-29,51.84339622641509
2019-11-30,7.737735849056604
2019-12-01,8.611320754716981
2019-12-02,44.50961538461539
2019-12-03,0.10192307692307692
2019-12-04,0.03773584905660377
2019-12-05,0.09056603773584906
2019-12-06,0.3592592592592592
2019-12-07,0.0196078431372549
2019-12-08,0.3489795918367347
2019-12-09,34.59183673469388
2019-12-10,10.972916666666668
2019-12-11,36.883720930232556
2019-12-12,1.4069767441860466
2019-12-13,38.3
2019-12-14,33.39019607843137
2019-12-15,35.56458333333333
2019-12-16,1.1653846153846155
2019-12-17,11.722448979591837
2019-12-18,16.60392156862745
2019-12-19,1.2518518518518518
2019-12-20,0.7176470588235294
2019-12-21,9.601960784313725
2019-12-22,0.011111111111111113
2019-12-23,10.89245283018868
2019-12-24,2.0735849056603777
2019-12-25,2.151851851851852
2019-12-26,0.003703703703703704
2019-12-27,0.08148148148148149
2019-12-28,0.13333333333333333
2019-12-29,0.2777777777777778
2019-12-30,0.0
2019-12-31,0.0
2020-01-01,0.003703703703703704
2020-01-02,0.014814814814814814
2020-01-03,0.5849056603773585
2020-01-04,1.5365384615384616
2020-01-05,0.0
2020-01-06,10.576923076923077
2020-01-07,3.2423076923076923
2020-01-08,1.0480769230769231
2020-01-09,0.48627450980392156
2020-01-10,3.9211538461538464
2020-01-11,0.0
2020-01-12,7.156603773584906
2020-01-13,0.37692307692307697
2020-01-14,0.0
2020-01-15,0.18846153846153849
2020-01-16,4.584615384615384
2020-01-17,0.022641509433962263
2020-01-18,4.611538461538462
2020-01-19,0.041509433962264156
2020-01-20,3.4313725490196076
2020-01-21,18.012
2020-01-22,0.0
2020-01-23,0.12692307692307692
2020-01-24,0.0
2020-01-25,0.0
2020-01-26,0.13846153846153847
2020-01-27,17.768627450980393
2020-01-28,6.209615384615384
2020-01-29,68.62916666666666
2020-01-30,0.07884615384615386
2020-01-31,0.04615384615384615
2020-02-01,0.0038461538461538464
2020-02-02,0.152
2020-02-03,0.0
2020-02-04,0.0
2020-02-05,0.0
2020-02-06,0.11153846153846153
2020-02-07,0.0
2020-02-08,0.0
2020-02-09,12.584313725490196
2020-02-10,12.990196078431373
2020-02-11,41.023529411764706
2020-02-12,2.7173076923076924
2020-02-13,1.5
2020-02-14,0.04705882352941177
2020-02-15,0.047058823529411764
2020-02-16,7.854
2020-02-17,0.058823529411764705
2020-02-18,0.9019607843137255
2020-02-19,1.314
2020-02-20,0.642
2020-02-21,11.49387755102041
2020-02-22,1.9666666666666668
2020-02-23,0.00392156862745098
2020-02-24,2.356
2020-02-25,0.0
2020-02-26,0.0
2020-02-27,0.0
2020-02-28,0.0
2020-02-29,0.0
2020-03-01,0.0
2020-03-02,0.0
2020-03-03,0.0
2020-03-04,4.098039215686274
2020-03-05,11.594000000000001
2020-03-06,0.8411764705882353
2020-03-07,19.31923076923077
2020-03-08,5.313725490196078
2020-03-09,0.8117647058823529
2020-03-10,0.4431372549019608
2020-03-11,4.536
2020-03-12,0.0
2020-03-13,0.0
2020-03-14,0.0
2020-03-15,0.23199999999999998
2020-03-16,0.08
2020-03-17,0.0
2020-03-18,4.616
2020-03-19,0.18823529411764706
2020-03-20,1.2196078431372548
2020-03-21,11.728
2020-03-22,22.695918367346938
2020-03-23,25.477083333333336
2020-03-24,0.28431372549019607
2020-03-25,7.427450980392157
2020-03-26,1.2
2020-03-27,10.188
2020-03-28,1.5254901960784313
2020-03-29,0.0
2020-03-30,0.292
2020-03-31,0.019230769230769232
2020-04-01,1.8115384615384615
2020-04-02,17.20392156862745
2020-04-03,26.03529411764706
2020-04-04,0.2423076923076923
2020-04-05,5.12156862745098
2020-04-06,11.158823529411766
2020-04-07,38.386274509803926
2020-04-08,9.16078431372549
2020-04-09,0.02307692307692308
2020-04-10,0.3346153846153846
2020-04-11,0.7372549019607844
2020-04-12,5.034
2020-04-13,19.198
2020-04-14,0.007692307692307693
2020-04-15,1.0450980392156861
2020-04-16,0.0038461538461538464
2020-04-17,0.0
2020-04-18,1.2673076923076925
2020-04-19,0.0038461538461538464
2020-04-20,0.0
2020-04-21,13.315686274509805
2020-04-22,0.4117647058823529
2020-04-23,7.518
2020-04-24,23.246
2020-04-25,8.269387755102041
2020-04-26,4.524489795918367
2020-04-27,9.869387755102041
2020-04-28,2.3813953488372093
2020-04-29,17.927272727272726
2020-04-30,42.800000000000004
2020-05-01,12.489583333333334
2020-05-02,0.37916666666666665
2020-05-03,5.777083333333334
2020-05-04,7.716326530612245
2020-05-05,2.668
2020-05-06,9.268085106382978
2020-05-07,0.0
2020-05-08,30.997959183673473
2020-05-09,0.2
2020-05-10,9.332653061224491
2020-05-11,10.05
2020-05-12,0.2901960784313726
2020-05-13,9.308163265306122
2020-05-14,1.6880000000000002
2020-05-15,0.20800000000000002
2020-05-16,2.276
2020-05-17,32.79795918367347
2020-05-18,0.86
2020-05-19,2.178
2020-05-20,10.210869565217392
2020-05-21,4.259183673469387
2020-05-22,38.329166666666666
2020-05-23,5.373913043478261
2020-05-24,0.132
2020-05-25,1.4
2020-05-26,9.484
2020-05-27,14.510204081632653
2020-05-28,12.044
2020-05-29,5.593999999999999
2020-05-30,2.4875000000000003
2020-05-31,0.30196078431372547
2020-06-01,15.306
2020-06-02,1.364705882352941
2020-06-03,1.926
2020-06-04,22.218000000000004
2020-06-05,11.504347826086958
2020-06-06,4.304166666666666
2020-06-07,0.39215686274509803
2020-06-08,2.424489795918367
2020-06-09,0.0
2020-06-10,11.987755102040817
2020-06-11,4.11
2020-06-12,8.174
2020-06-13,23.876595744680852
2020-06-14,7.882352941176471
2020-06-15,1.5057692307692307
2020-06-16,6.473076923076923
2020-06-17,25.076923076923077
2020-06-18,3.9219999999999997
2020-06-19,3.4
2020-06-20,32.242
2020-06-21,17.848936170212767
2020-06-22,13.917391304347827
2020-06-23,68.55714285714286
2020-06-24,20.030232558139534
2020-06-25,0.023529411764705885
2020-06-26,0.0
2020-06-27,1.2000000000000002
2020-06-28,3.5173076923076922
2020-06-29,2.227450980392157
2020-06-30,0.9980769230769231
2020-07-01,1.1615384615384614
2020-07-02,0.0
2020-07-03,0.05384615384615384
2020-07-04,13.278846153846153
2020-07-05,9.548076923076923
2020-07-06,5.3584905660377355
2020-07-07,5.3307692307692305
2020-07-08,5.635294117647058
2020-07-09,20.695918367346938
2020-07-10,0.10384615384615385
2020-07-11,3.0846153846153848
2020-07-12,5.96078431372549
2020-07-13,30.428
2020-07-14,0.10800000000000001
2020-07-15,1.8038461538461539
2020-07-16,6.0307692307692315
2020-07-17,0.04528301886792453
2020-07-18,0.6981132075471698
2020-07-19,0.01509433962264151
2020-07-20,0.0
2020-07-21,0.0423076923076923
2020-07-22,19.926923076923078
2020-07-23,5.679591836734694
2020-07-24,13.273076923076925
2020-07-25,7.392
2020-07-26,6.017647058823529
2020-07-27,27.374509803921566
2020-07-28,0.807843137254902
2020-07-29,16.334
2020-07-30,0.234
2020-07-31,4.953061224489796
2020-08-01,3.751923076923077
2020-08-02,0.023076923076923075
2020-08-03,0.0
2020-08-04,4.3839999999999995
2020-08-05,0.0
2020-08-06,0.0
2020-08-07,0.0
2020-08-08,0.0
2020-08-09,0.0
2020-08-10,0.0
2020-08-11,0.005882352941176471
2020-08-12,6.025490196078431
2020-08-13,34.854
2020-08-14,37.194
2020-08-15,6.498076923076923
2020-08-16,0.903921568627451
2020-08-17,26.975
2020-08-18,2.635849056603774
2020-08-19,2.647169811320755
2020-08-20,2.0313725490196077
2020-08-21,0.05555555555555555
2020-08-22,12.149056603773584
2020-08-23,15.833333333333334
2020-08-24,0.15185185185185188
2020-08-25,1.0962264150943397
2020-08-26,5.371698113207547
2020-08-27,0.044444444444444446
2020-08-28,1.2452830188679245
2020-08-29,8.996153846153847
2020-08-30,0.06111111111111111
2020-08-31,0.5314814814814814
2020-09-01,4.507407407407407
2020-09-02,1.9296296296296296
2020-09-03,14.062264150943395
2020-09-04,5.947169811320754
2020-09-05,32.36274509803921
2020-09-06,12.245283018867925
2020-09-07,0.3754716981132076
2020-09-08,1.4296296296296296
2020-09-09,1.237037037037037
2020-09-10,18.482692307692307
2020-09-11,16.91132075471698
2020-09-12,18.266037735849057
2020-09-13,28.266666666666666
2020-09-14,10.722641509433961
2020-09-15,0.08888888888888889
2020-09-16,16.515094339622642
2020-09-17,0.29814814814814816
2020-09-18,0.011111111111111113
2020-09-19,11.452830188679245
2020-09-20,1.0962264150943397
2020-09-21,5.696153846153846
2020-09-22,0.40370370370370373
2020-09-23,0.003703703703703704
2020-09-24,5.75686274509804
2020-09-25,28.33137254901961
2020-09-26,44.643137254901966
2020-09-27,7.333333333333333
2020-09-28,0.22307692307692306
2020-09-29,5.354901960784314
2020-09-30,7.613461538461538
2020-10-01,12.080769230769231
2020-10-02,13.351923076923075
2020-10-03,6.794117647058823
2020-10-04,0.0
2020-10-05,0.0037735849056603774
2020-10-06,0.022641509433962263
2020-10-07,6.107843137254902
2020-10-08,18.229411764705883
2020-10-09,0.03461538461538462
2020-10-10,11.556
2020-10-11,8.846
2020-10-12,0.00784313725490196
2020-10-13,0.0
2020-10-14,5.2
2020-10-15,4.6160000000000005
2020-10-16,1.572
2020-10-17,0.0
2020-10-18,4.762745098039216
2020-10-19,0.9038461538461539
2020-10-20,2.872549019607843
2020-10-21,2.312
2020-10-22,12.222000000000001
2020-10-23,0.66
2020-10-24,2.436
2020-10-25,7.0
2020-10-26,9.766
2020-10-27,0.0392156862745098
2020-10-28,11.02156862745098
2020-10-29,0.18627450980392157
2020-10-30,0.08235294117647059
2020-10-31,32.06
2020-11-01,0.13846153846153847
2020-11-02,28.72
2020-11-03,2.3019607843137257
2020-11-04,33.593877551020405
2020-11-05,0.028846153846153848
2020-11-06,0.0
2020-11-07,32.8
2020-11-08,9.844
2020-11-09,2.231372549019608
2020-11-10,9.270588235294118
2020-11-11,0.0038461538461538464
2020-11-12,0.0
2020-11-13,2.241509433962264
2020-11-14,4.998076923076923
2020-11-15,36.534
2020-11-16,6.88
2020-11-17,9.181132075471698
2020-11-18,0.022641509433962266
2020-11-19,8.303921568627452
2020-11-20,7.7176470588235295
2020-11-21,23.23469387755102
2020-11-22,41.048
2020-11-23,21.456
2020-11-24,0.24509803921568626
2020-11-25,1.5999999999999999
2020-11-26,2.1361702127659576
2020-11-27,0.7583333333333333
2020-11-28,3.8395833333333336
2020-11-29,0.02857142857142857
2020-11-30,8.559183673469388
