station,station_id,year,month,day,rainfall_mm,temp_mean_c,temp_max_c,temp_min_c,wind_mean_kmh,wind_max_kmh
International Road,S63,2013,1,1,1.8,,,,,
International Road,S63,2013,1,2,14.2,,,,,
International Road,S63,2013,1,3,0.4,,,,,
International Road,S63,2013,1,4,0.2,,,,,
International Road,S63,2013,1,5,0.0,,,,,
International Road,S63,2013,1,6,0.0,,,,,
International Road,S63,2013,1,7,0.0,,,,,
International Road,S63,2013,1,8,2.2,,,,,
International Road,S63,2013,1,9,1.4,,,,,
International Road,S63,2013,1,10,0.4,,,,,
International Road,S63,2013,1,11,25.8,,,,,
International Road,S63,2013,1,12,0.0,,,,,
International Road,S63,2013,1,13,0.6,,,,,
International Road,S63,2013,1,14,34.0,,,,,
International Road,S63,2013,1,15,5.4,,,,,
International Road,S63,2013,1,16,0.0,,,,,
International Road,S63,2013,1,17,0.0,,,,,
International Road,S63,2013,1,18,48.6,,,,,
International Road,S63,2013,1,19,17.6,,,,,
International Road,S63,2013,1,20,5.0,,,,,
International Road,S63,2013,1,21,0.4,,,,,
International Road,S63,2013,1,22,0.6,,,,,
International Road,S63,2013,1,23,0.0,,,,,
International Road,S63,2013,1,24,4.4,,,,,
International Road,S63,2013,1,25,0.0,,,,,
International Road,S63,2013,1,26,0.0,,,,,
International Road,S63,2013,1,27,0.6,,,,,
International Road,S63,2013,1,28,0.0,,,,,
International Road,S63,2013,1,29,0.0,,,,,
International Road,S63,2013,1,30,0.0,,,,,
International Road,S63,2013,1,31,0.4,,,,,
International Road,S63,2013,2,1,3.4,,,,,
International Road,S63,2013,2,2,0.4,,,,,
International Road,S63,2013,2,3,27.4,,,,,
International Road,S63,2013,2,4,0.8,,,,,
International Road,S63,2013,2,5,69.6,,,,,
International Road,S63,2013,2,6,55.4,,,,,
International Road,S63,2013,2,7,24.8,,,,,
International Road,S63,2013,2,8,33.8,,,,,
International Road,S63,2013,2,9,3.8,,,,,
International Road,S63,2013,2,10,34.0,,,,,
International Road,S63,2013,2,11,3.6,,,,,
International Road,S63,2013,2,12,2.0,,,,,
International Road,S63,2013,2,13,1.2,,,,,
International Road,S63,2013,2,14,20.6,,,,,
International Road,S63,2013,2,15,5.2,,,,,
International Road,S63,2013,2,16,16.4,,,,,
International Road,S63,2013,2,17,4.2,,,,,
International Road,S63,2013,2,18,20.8,,,,,
International Road,S63,2013,2,19,3.4,,,,,
International Road,S63,2013,2,20,9.4,,,,,
International Road,S63,2013,2,21,0.0,,,,,
International Road,S63,2013,2,22,0.0,,,,,
International Road,S63,2013,2,23,0.0,,,,,
International Road,S63,2013,2,24,0.0,,,,,
International Road,S63,2013,2,25,1.0,,,,,
International Road,S63,2013,2,26,10.0,,,,,
International Road,S63,2013,2,27,0.0,,,,,
International Road,S63,2013,2,28,0.0,,,,,
International Road,S63,2013,3,1,0.0,,,,,
International Road,S63,2013,3,2,1.2,,,,,
International Road,S63,2013,3,3,0.0,,,,,
International Road,S63,2013,3,4,0.0,,,,,
International Road,S63,2013,3,5,2.6,,,,,
International Road,S63,2013,3,6,0.0,,,,,
International Road,S63,2013,3,7,1.0,,,,,
International Road,S63,2013,3,8,11.5,,,,,
International Road,S63,2013,3,9,41.0,,,,,
International Road,S63,2013,3,10,8.5,,,,,
International Road,S63,2013,3,11,9.8,,,,,
International Road,S63,2013,3,12,0.0,,,,,
International Road,S63,2013,3,13,5.4,,,,,
International Road,S63,2013,3,14,26.8,,,,,
International Road,S63,2013,3,15,0.0,,,,,
International Road,S63,2013,3,16,0.0,,,,,
International Road,S63,2013,3,17,2.8,,,,,
International Road,S63,2013,3,18,1.4,,,,,
International Road,S63,2013,3,19,0.4,,,,,
International Road,S63,2013,3,20,0.0,,,,,
International Road,S63,2013,3,21,0.8,,,,,
International Road,S63,2013,3,22,1.6,,,,,
International Road,S63,2013,3,23,1.2,,,,,
International Road,S63,2013,3,24,9.4,,,,,
International Road,S63,2013,3,25,10.6,,,,,
International Road,S63,2013,3,26,0.8,,,,,
International Road,S63,2013,3,27,24.4,,,,,
International Road,S63,2013,3,28,41.2,,,,,
International Road,S63,2013,3,29,4.2,,,,,
International Road,S63,2013,3,30,21.8,,,,,
International Road,S63,2013,3,31,11.0,,,,,
International Road,S63,2013,4,1,14.8,,,,,
International Road,S63,2013,4,2,47.0,,,,,
International Road,S63,2013,4,3,20.2,,,,,
International Road,S63,2013,4,4,1.6,,,,,
International Road,S63,2013,4,5,8.6,,,,,
International Road,S63,2013,4,6,10.8,,,,,
International Road,S63,2013,4,7,0.0,,,,,
International Road,S63,2013,4,8,9.8,,,,,
International Road,S63,2013,4,9,0.2,,,,,
International Road,S63,2013,4,10,0.4,,,,,
International Road,S63,2013,4,11,0.0,,,,,
International Road,S63,2013,4,12,0.0,,,,,
International Road,S63,2013,4,13,1.2,,,,,
International Road,S63,2013,4,14,0.2,,,,,
International Road,S63,2013,4,15,0.0,,,,,
International Road,S63,2013,4,16,9.2,,,,,
International Road,S63,2013,4,17,0.8,,,,,
International Road,S63,2013,4,18,1.2,,,,,
International Road,S63,2013,4,19,11.8,,,,,
International Road,S63,2013,4,20,0.0,,,,,
International Road,S63,2013,4,21,13.6,,,,,
International Road,S63,2013,4,22,0.2,,,,,
International Road,S63,2013,4,23,8.6,,,,,
International Road,S63,2013,4,24,0.0,,,,,
International Road,S63,2013,4,25,53.6,,,,,
International Road,S63,2013,4,26,0.2,,,,,
International Road,S63,2013,4,27,27.0,,,,,
International Road,S63,2013,4,28,4.0,,,,,
International Road,S63,2013,4,29,0.0,,,,,
International Road,S63,2013,4,30,0.0,,,,,
International Road,S63,2013,5,1,0.0,,,,,
International Road,S63,2013,5,2,10.2,,,,,
International Road,S63,2013,5,3,6.0,,,,,
International Road,S63,2013,5,4,0.0,,,,,
International Road,S63,2013,5,5,11.6,,,,,
International Road,S63,2013,5,6,1.8,,,,,
International Road,S63,2013,5,7,16.0,,,,,
International Road,S63,2013,5,8,0.4,,,,,
International Road,S63,2013,5,9,3.8,,,,,
International Road,S63,2013,5,10,0.4,,,,,
International Road,S63,2013,5,11,0.0,,,,,
International Road,S63,2013,5,12,0.0,,,,,
International Road,S63,2013,5,13,0.0,,,,,
International Road,S63,2013,5,14,2.6,,,,,
International Road,S63,2013,5,15,44.8,,,,,
International Road,S63,2013,5,16,3.2,,,,,
International Road,S63,2013,5,17,0.0,,,,,
International Road,S63,2013,5,18,0.0,,,,,
International Road,S63,2013,5,19,0.0,,,,,
International Road,S63,2013,5,20,7.4,,,,,
International Road,S63,2013,5,21,0.0,,,,,
International Road,S63,2013,5,22,0.0,,,,,
International Road,S63,2013,5,23,1.8,,,,,
International Road,S63,2013,5,24,39.4,,,,,
International Road,S63,2013,5,25,0.0,,,,,
International Road,S63,2013,5,26,2.8,,,,,
International Road,S63,2013,5,27,0.0,,,,,
International Road,S63,2013,5,28,0.0,,,,,
International Road,S63,2013,5,29,0.4,,,,,
International Road,S63,2013,5,30,0.0,,,,,
International Road,S63,2013,5,31,0.0,,,,,
International Road,S63,2013,6,1,0.8,,,,,
International Road,S63,2013,6,2,0.2,,,,,
International Road,S63,2013,6,3,0.0,,,,,
International Road,S63,2013,6,4,0.0,,,,,
International Road,S63,2013,6,5,20.6,,,,,
International Road,S63,2013,6,6,0.0,,,,,
International Road,S63,2013,6,7,12.0,,,,,
International Road,S63,2013,6,8,0.8,,,,,
International Road,S63,2013,6,9,2.4,,,,,
International Road,S63,2013,6,10,0.8,,,,,
International Road,S63,2013,6,11,0.0,,,,,
International Road,S63,2013,6,12,0.0,,,,,
International Road,S63,2013,6,13,0.0,,,,,
International Road,S63,2013,6,14,0.0,,,,,
International Road,S63,2013,6,15,0.0,,,,,
International Road,S63,2013,6,16,3.4,,,,,
International Road,S63,2013,6,17,0.0,,,,,
International Road,S63,2013,6,18,0.0,,,,,
International Road,S63,2013,6,19,0.0,,,,,
International Road,S63,2013,6,20,0.0,,,,,
International Road,S63,2013,6,21,0.0,,,,,
International Road,S63,2013,6,22,0.0,,,,,
International Road,S63,2013,6,23,0.0,,,,,
International Road,S63,2013,6,24,0.0,,,,,
International Road,S63,2013,6,25,29.4,,,,,
International Road,S63,2013,6,26,34.4,,,,,
International Road,S63,2013,6,27,0.0,,,,,
International Road,S63,2013,6,28,0.2,,,,,
International Road,S63,2013,6,29,5.4,,,,,
International Road,S63,2013,6,30,3.0,,,,,
International Road,S63,2013,7,1,0.0,,,,,
International Road,S63,2013,7,2,0.0,,,,,
International Road,S63,2013,7,3,0.0,,,,,
International Road,S63,2013,7,4,20.0,,,,,
International Road,S63,2013,7,5,0.0,,,,,
International Road,S63,2013,7,6,0.0,,,,,
International Road,S63,2013,7,7,0.0,,,,,
International Road,S63,2013,7,8,59.4,,,,,
International Road,S63,2013,7,9,2.2,,,,,
International Road,S63,2013,7,10,0.0,,,,,
International Road,S63,2013,7,11,22.0,,,,,
International Road,S63,2013,7,12,0.0,,,,,
International Road,S63,2013,7,13,1.6,,,,,
International Road,S63,2013,7,14,7.0,,,,,
International Road,S63,2013,7,15,0.0,,,,,
International Road,S63,2013,7,16,0.0,,,,,
International Road,S63,2013,7,17,6.8,,,,,
International Road,S63,2013,7,18,0.6,,,,,
International Road,S63,2013,7,19,0.0,,,,,
International Road,S63,2013,7,20,0.0,,,,,
International Road,S63,2013,7,21,0.0,,,,,
International Road,S63,2013,7,22,0.0,,,,,
International Road,S63,2013,7,23,0.0,,,,,
International Road,S63,2013,7,24,0.0,,,,,
International Road,S63,2013,7,25,0.0,,,,,
International Road,S63,2013,7,26,0.4,,,,,
International Road,S63,2013,7,27,0.6,,,,,
International Road,S63,2013,7,28,37.8,,,,,
International Road,S63,2013,7,29,0.0,,,,,
International Road,S63,2013,7,30,0.0,,,,,
International Road,S63,2013,7,31,4.6,,,,,
International Road,S63,2013,8,1,0.8,,,,,
International Road,S63,2013,8,2,0.0,,,,,
International Road,S63,2013,8,3,0.0,,,,,
International Road,S63,2013,8,4,35.0,,,,,
International Road,S63,2013,8,5,34.6,,,,,
International Road,S63,2013,8,6,1.8,,,,,
International Road,S63,2013,8,7,17.0,,,,,
International Road,S63,2013,8,8,0.2,,,,,
International Road,S63,2013,8,9,0.8,,,,,
International Road,S63,2013,8,10,20.4,,,,,
International Road,S63,2013,8,11,12.4,,,,,
International Road,S63,2013,8,12,0.6,,,,,
International Road,S63,2013,8,13,1.0,,,,,
International Road,S63,2013,8,14,7.8,,,,,
International Road,S63,2013,8,15,0.0,,,,,
International Road,S63,2013,8,16,0.0,,,,,
International Road,S63,2013,8,17,1.4,,,,,
International Road,S63,2013,8,18,0.0,,,,,
International Road,S63,2013,8,19,0.0,,,,,
International Road,S63,2013,8,20,0.0,,,,,
International Road,S63,2013,8,21,0.0,,,,,
International Road,S63,2013,8,22,10.2,,,,,
International Road,S63,2013,8,23,0.0,,,,,
International Road,S63,2013,8,24,0.0,,,,,
International Road,S63,2013,8,25,0.0,,,,,
International Road,S63,2013,8,26,1.2,,,,,
International Road,S63,2013,8,27,0.0,,,,,
International Road,S63,2013,8,28,18.8,,,,,
International Road,S63,2013,8,29,0.0,,,,,
International Road,S63,2013,8,30,0.0,,,,,
International Road,S63,2013,8,31,3.4,,,,,
International Road,S63,2013,9,1,2.0,,,,,
International Road,S63,2013,9,2,24.2,,,,,
International Road,S63,2013,9,3,43.8,,,,,
International Road,S63,2013,9,4,10.4,,,,,
International Road,S63,2013,9,5,20.4,,,,,
International Road,S63,2013,9,6,18.2,,,,,
International Road,S63,2013,9,7,16.6,,,,,
International Road,S63,2013,9,8,2.8,,,,,
International Road,S63,2013,9,9,23.4,,,,,
International Road,S63,2013,9,10,27.6,,,,,
International Road,S63,2013,9,11,4.2,,,,,
International Road,S63,2013,9,12,0.0,,,,,
International Road,S63,2013,9,13,0.0,,,,,
International Road,S63,2013,9,14,0.0,,,,,
International Road,S63,2013,9,15,38.6,,,,,
International Road,S63,2013,9,16,0.0,,,,,
International Road,S63,2013,9,17,2.0,,,,,
International Road,S63,2013,9,18,0.0,,,,,
International Road,S63,2013,9,19,0.0,,,,,
International Road,S63,2013,9,20,0.0,,,,,
International Road,S63,2013,9,21,0.0,,,,,
International Road,S63,2013,9,22,0.0,,,,,
International Road,S63,2013,9,23,0.0,,,,,
International Road,S63,2013,9,24,0.0,,,,,
International Road,S63,2013,9,25,40.0,,,,,
International Road,S63,2013,9,26,21.2,,,,,
International Road,S63,2013,9,27,0.0,,,,,
International Road,S63,2013,9,28,13.2,,,,,
International Road,S63,2013,9,29,3.2,,,,,
International Road,S63,2013,9,30,0.0,,,,,
International Road,S63,2013,10,1,11.8,,,,,
International Road,S63,2013,10,2,1.2,,,,,
International Road,S63,2013,10,3,0.0,,,,,
International Road,S63,2013,10,4,4.2,,,,,
International Road,S63,2013,10,5,6.6,,,,,
International Road,S63,2013,10,6,19.6,,,,,
International Road,S63,2013,10,7,2.0,,,,,
International Road,S63,2013,10,8,43.2,,,,,
International Road,S63,2013,10,9,0.0,,,,,
International Road,S63,2013,10,10,17.0,,,,,
International Road,S63,2013,10,11,26.8,,,,,
International Road,S63,2013,10,12,0.0,,,,,
International Road,S63,2013,10,13,2.6,,,,,
International Road,S63,2013,10,14,17.8,,,,,
International Road,S63,2013,10,15,1.2,,,,,
International Road,S63,2013,10,16,0.0,,,,,
International Road,S63,2013,10,17,0.0,,,,,
International Road,S63,2013,10,18,14.0,,,,,
International Road,S63,2013,10,19,40.2,,,,,
International Road,S63,2013,10,20,1.0,,,,,
International Road,S63,2013,10,21,12.2,,,,,
International Road,S63,2013,10,22,0.0,,,,,
International Road,S63,2013,10,23,0.0,,,,,
International Road,S63,2013,10,24,0.0,,,,,
International Road,S63,2013,10,25,0.0,,,,,
International Road,S63,2013,10,26,20.8,,,,,
International Road,S63,2013,10,27,2.6,,,,,
International Road,S63,2013,10,28,3.2,,,,,
International Road,S63,2013,10,29,23.4,,,,,
International Road,S63,2013,10,30,10.4,,,,,
International Road,S63,2013,10,31,7.8,,,,,
International Road,S63,2013,11,1,3.0,,,,,
International Road,S63,2013,11,2,0.0,,,,,
International Road,S63,2013,11,3,2.4,,,,,
International Road,S63,2013,11,4,18.0,,,,,
International Road,S63,2013,11,5,45.8,,,,,
International Road,S63,2013,11,6,0.2,,,,,
International Road,S63,2013,11,7,0.0,,,,,
International Road,S63,2013,11,8,0.0,,,,,
International Road,S63,2013,11,9,36.4,,,,,
International Road,S63,2013,11,10,5.0,,,,,
International Road,S63,2013,11,11,25.6,,,,,
International Road,S63,2013,11,12,2.6,,,,,
International Road,S63,2013,11,13,77.0,,,,,
International Road,S63,2013,11,14,0.5,,,,,
International Road,S63,2013,11,15,10.7,,,,,
International Road,S63,2013,11,16,5.6,,,,,
International Road,S63,2013,11,17,0.4,,,,,
International Road,S63,2013,11,18,5.2,,,,,
International Road,S63,2013,11,19,16.5,,,,,
International Road,S63,2013,11,20,2.5,,,,,
International Road,S63,2013,11,21,11.0,,,,,
International Road,S63,2013,11,22,17.2,,,,,
International Road,S63,2013,11,23,0.6,,,,,
International Road,S63,2013,11,24,0.0,,,,,
International Road,S63,2013,11,25,2.4,,,,,
International Road,S63,2013,11,26,3.5,,,,,
International Road,S63,2013,11,27,4.5,,,,,
International Road,S63,2013,11,28,0.0,,,,,
International Road,S63,2013,11,29,11.0,,,,,
International Road,S63,2013,11,30,86.0,,,,,
International Road,S63,2013,12,1,13.4,,,,,
International Road,S63,2013,12,2,3.8,,,,,
International Road,S63,2013,12,3,38.0,,,,,
International Road,S63,2013,12,4,0.2,,,,,
International Road,S63,2013,12,5,0.0,,,,,
International Road,S63,2013,12,6,12.2,,,,,
International Road,S63,2013,12,7,0.0,,,,,
International Road,S63,2013,12,8,14.5,,,,,
International Road,S63,2013,12,9,0.0,,,,,
International Road,S63,2013,12,10,5.0,,,,,
International Road,S63,2013,12,11,2.0,,,,,
International Road,S63,2013,12,12,4.5,,,,,
International Road,S63,2013,12,13,32.5,,,,,
International Road,S63,2013,12,14,0.0,,,,,
International Road,S63,2013,12,15,0.0,,,,,
International Road,S63,2013,12,16,0.0,,,,,
International Road,S63,2013,12,17,0.0,,,,,
International Road,S63,2013,12,18,38.0,,,,,
International Road,S63,2013,12,19,1.5,,,,,
International Road,S63,2013,12,20,18.5,,,,,
International Road,S63,2013,12,21,0.2,,,,,
International Road,S63,2013,12,22,0.0,,,,,
International Road,S63,2013,12,23,0.4,,,,,
International Road,S63,2013,12,24,0.0,,,,,
International Road,S63,2013,12,25,0.0,,,,,
International Road,S63,2013,12,26,2.0,,,,,
International Road,S63,2013,12,27,1.0,,,,,
International Road,S63,2013,12,28,1.5,,,,,
International Road,S63,2013,12,29,0.0,,,,,
International Road,S63,2013,12,30,9.0,,,,,
International Road,S63,2013,12,31,0.0,,,,,
International Road,S63,2014,1,1,0.0,,,,,
International Road,S63,2014,1,2,0.0,,,,,
International Road,S63,2014,1,3,0.0,,,,,
International Road,S63,2014,1,4,12.5,,,,,
International Road,S63,2014,1,5,1.6,,,,,
International Road,S63,2014,1,6,55.6,,,,,
International Road,S63,2014,1,7,10.5,,,,,
International Road,S63,2014,1,8,0.0,,,,,
International Road,S63,2014,1,9,0.0,,,,,
International Road,S63,2014,1,10,0.0,,,,,
International Road,S63,2014,1,11,7.0,,,,,
International Road,S63,2014,1,12,6.0,,,,,
International Road,S63,2014,1,13,0.0,,,,,
International Road,S63,2014,1,14,0.0,,,,,
International Road,S63,2014,1,15,0.0,,,,,
International Road,S63,2014,1,16,0.0,,,,,
International Road,S63,2014,1,17,0.0,,,,,
International Road,S63,2014,1,18,0.0,,,,,
International Road,S63,2014,1,19,0.0,,,,,
International Road,S63,2014,1,20,0.0,,,,,
International Road,S63,2014,1,21,0.0,,,,,
International Road,S63,2014,1,22,0.0,,,,,
International Road,S63,2014,1,23,0.0,,,,,
International Road,S63,2014,1,24,0.0,,,,,
International Road,S63,2014,1,25,0.0,,,,,
International Road,S63,2014,1,26,0.0,,,,,
International Road,S63,2014,1,27,0.0,,,,,
International Road,S63,2014,1,28,0.0,,,,,
International Road,S63,2014,1,29,0.0,,,,,
International Road,S63,2014,1,30,0.0,,,,,
International Road,S63,2014,1,31,0.0,,,,,
International Road,S63,2014,2,1,0.0,,,,,
International Road,S63,2014,2,2,0.0,,,,,
International Road,S63,2014,2,3,0.0,,,,,
International Road,S63,2014,2,4,0.0,,,,,
International Road,S63,2014,2,5,0.0,,,,,
International Road,S63,2014,2,6,0.0,,,,,
International Road,S63,2014,2,7,0.0,,,,,
International Road,S63,2014,2,8,0.0,,,,,
International Road,S63,2014,2,9,0.0,,,,,
International Road,S63,2014,2,10,0.0,,,,,
International Road,S63,2014,2,11,0.0,,,,,
International Road,S63,2014,2,12,0.0,,,,,
International Road,S63,2014,2,13,0.0,,,,,
International Road,S63,2014,2,14,9.0,,,,,
International Road,S63,2014,2,15,0.0,,,,,
International Road,S63,2014,2,16,20.5,,,,,
International Road,S63,2014,2,17,0.0,,,,,
International Road,S63,2014,2,18,0.0,,,,,
International Road,S63,2014,2,19,0.0,,,,,
International Road,S63,2014,2,20,0.0,,,,,
International Road,S63,2014,2,21,0.0,,,,,
International Road,S63,2014,2,22,0.0,,,,,
International Road,S63,2014,2,23,0.0,,,,,
International Road,S63,2014,2,24,0.0,,,,,
International Road,S63,2014,2,25,0.0,,,,,
International Road,S63,2014,2,26,0.0,,,,,
International Road,S63,2014,2,27,0.0,,,,,
International Road,S63,2014,2,28,0.0,,,,,
International Road,S63,2014,3,1,0.0,,,,,
International Road,S63,2014,3,2,0.0,,,,,
International Road,S63,2014,3,3,3.0,,,,,
International Road,S63,2014,3,4,0.0,,,,,
International Road,S63,2014,3,5,0.0,,,,,
International Road,S63,2014,3,6,0.0,,,,,
International Road,S63,2014,3,7,0.0,,,,,
International Road,S63,2014,3,8,0.0,,,,,
International Road,S63,2014,3,9,0.0,,,,,
International Road,S63,2014,3,10,0.0,,,,,
International Road,S63,2014,3,11,0.0,,,,,
International Road,S63,2014,3,12,0.0,,,,,
International Road,S63,2014,3,13,0.0,,,,,
International Road,S63,2014,3,14,0.0,,,,,
International Road,S63,2014,3,15,0.0,,,,,
International Road,S63,2014,3,16,32.5,,,,,
International Road,S63,2014,3,17,14.5,,,,,
International Road,S63,2014,3,18,40.0,,,,,
International Road,S63,2014,3,19,2.0,,,,,
International Road,S63,2014,3,20,0.5,,,,,
International Road,S63,2014,3,21,4.5,,,,,
International Road,S63,2014,3,22,0.0,,,,,
International Road,S63,2014,3,23,0.0,,,,,
International Road,S63,2014,3,24,0.0,,,,,
International Road,S63,2014,3,25,0.0,,,,,
International Road,S63,2014,3,26,0.0,,,,,
International Road,S63,2014,3,27,0.0,,,,,
International Road,S63,2014,3,28,0.0,,,,,
International Road,S63,2014,3,29,0.0,,,,,
International Road,S63,2014,3,30,0.0,,,,,
International Road,S63,2014,3,31,10.5,,,,,
International Road,S63,2014,4,1,0.2,,,,,
International Road,S63,2014,4,2,0.0,,,,,
International Road,S63,2014,4,3,0.0,,,,,
International Road,S63,2014,4,4,5.5,,,,,
International Road,S63,2014,4,5,18.4,,,,,
International Road,S63,2014,4,6,0.0,,,,,
International Road,S63,2014,4,7,3.0,,,,,
International Road,S63,2014,4,8,1.0,,,,,
International Road,S63,2014,4,9,0.0,,,,,
International Road,S63,2014,4,10,0.0,,,,,
International Road,S63,2014,4,11,0.0,,,,,
International Road,S63,2014,4,12,1.2,,,,,
International Road,S63,2014,4,13,1.0,,,,,
International Road,S63,2014,4,14,1.0,,,,,
International Road,S63,2014,4,15,3.0,,,,,
International Road,S63,2014,4,16,0.0,,,,,
International Road,S63,2014,4,17,0.0,,,,,
International Road,S63,2014,4,18,13.0,,,,,
International Road,S63,2014,4,19,0.0,,,,,
International Road,S63,2014,4,20,0.0,,,,,
International Road,S63,2014,4,21,3.0,,,,,
International Road,S63,2014,4,22,3.0,,,,,
International Road,S63,2014,4,23,89.5,,,,,
International Road,S63,2014,4,24,0.0,,,,,
International Road,S63,2014,4,25,1.5,,,,,
International Road,S63,2014,4,26,22.5,,,,,
International Road,S63,2014,4,27,1.4,,,,,
International Road,S63,2014,4,28,1.8,,,,,
International Road,S63,2014,4,29,0.0,,,,,
International Road,S63,2014,4,30,0.0,,,,,
International Road,S63,2014,5,1,1.8,,,,,
International Road,S63,2014,5,2,7.5,,,,,
International Road,S63,2014,5,3,0.0,,,,,
International Road,S63,2014,5,4,52.5,,,,,
International Road,S63,2014,5,5,0.5,,,,,
International Road,S63,2014,5,6,11.0,,,,,
International Road,S63,2014,5,7,22.1,,,,,
International Road,S63,2014,5,8,3.5,,,,,
International Road,S63,2014,5,9,0.0,,,,,
International Road,S63,2014,5,10,0.5,,,,,
International Road,S63,2014,5,11,1.0,,,,,
International Road,S63,2014,5,12,0.2,,,,,
International Road,S63,2014,5,13,0.0,,,,,
International Road,S63,2014,5,14,57.5,,,,,
International Road,S63,2014,5,15,2.2,,,,,
International Road,S63,2014,5,16,72.0,,,,,
International Road,S63,2014,5,17,33.8,,,,,
International Road,S63,2014,5,18,79.0,,,,,
International Road,S63,2014,5,19,39.6,,,,,
International Road,S63,2014,5,20,3.8,,,,,
International Road,S63,2014,5,21,0.0,,,,,
International Road,S63,2014,5,22,0.2,,,,,
International Road,S63,2014,5,23,25.4,,,,,
International Road,S63,2014,5,24,0.0,,,,,
International Road,S63,2014,5,25,0.0,,,,,
International Road,S63,2014,5,26,0.2,,,,,
International Road,S63,2014,5,27,1.6,,,,,
International Road,S63,2014,5,28,0.0,,,,,
International Road,S63,2014,5,29,0.2,,,,,
International Road,S63,2014,5,30,1.6,,,,,
International Road,S63,2014,5,31,0.6,,,,,
International Road,S63,2014,6,1,29.6,,,,,
International Road,S63,2014,6,2,5.0,,,,,
International Road,S63,2014,6,3,0.0,,,,,
International Road,S63,2014,6,4,2.2,,,,,
International Road,S63,2014,6,5,13.8,,,,,
International Road,S63,2014,6,6,38.0,,,,,
International Road,S63,2014,6,7,0.0,,,,,
International Road,S63,2014,6,8,0.0,,,,,
International Road,S63,2014,6,9,0.0,,,,,
International Road,S63,2014,6,10,0.8,,,,,
International Road,S63,2014,6,11,0.0,,,,,
International Road,S63,2014,6,12,21.6,,,,,
International Road,S63,2014,6,13,0.0,,,,,
International Road,S63,2014,6,14,11.2,,,,,
International Road,S63,2014,6,15,0.2,,,,,
International Road,S63,2014,6,16,0.0,,,,,
International Road,S63,2014,6,17,0.0,,,,,
International Road,S63,2014,6,18,4.4,,,,,
International Road,S63,2014,6,19,10.4,,,,,
International Road,S63,2014,6,20,0.0,,,,,
International Road,S63,2014,6,21,0.0,,,,,
International Road,S63,2014,6,22,4.0,,,,,
International Road,S63,2014,6,23,0.0,,,,,
International Road,S63,2014,6,24,13.8,,,,,
International Road,S63,2014,6,25,4.0,,,,,
International Road,S63,2014,6,26,0.4,,,,,
International Road,S63,2014,6,27,5.2,,,,,
International Road,S63,2014,6,28,0.0,,,,,
International Road,S63,2014,6,29,2.2,,,,,
International Road,S63,2014,6,30,38.8,,,,,
International Road,S63,2014,7,1,0.0,,,,,
International Road,S63,2014,7,2,0.0,,,,,
International Road,S63,2014,7,3,0.0,,,,,
International Road,S63,2014,7,4,0.0,,,,,
International Road,S63,2014,7,5,82.0,,,,,
International Road,S63,2014,7,6,0.0,,,,,
International Road,S63,2014,7,7,47.6,,,,,
International Road,S63,2014,7,8,26.4,,,,,
International Road,S63,2014,7,9,15.8,,,,,
International Road,S63,2014,7,10,0.0,,,,,
International Road,S63,2014,7,11,2.0,,,,,
International Road,S63,2014,7,12,0.4,,,,,
International Road,S63,2014,7,13,0.0,,,,,
International Road,S63,2014,7,14,0.0,,,,,
International Road,S63,2014,7,15,0.0,,,,,
International Road,S63,2014,7,16,0.0,,,,,
International Road,S63,2014,7,17,4.2,,,,,
International Road,S63,2014,7,18,0.0,,,,,
International Road,S63,2014,7,19,0.0,,,,,
International Road,S63,2014,7,20,0.0,,,,,
International Road,S63,2014,7,21,0.0,,,,,
International Road,S63,2014,7,22,0.0,,,,,
International Road,S63,2014,7,23,0.0,,,,,
International Road,S63,2014,7,24,0.0,,,,,
International Road,S63,2014,7,25,0.0,,,,,
International Road,S63,2014,7,26,0.0,,,,,
International Road,S63,2014,7,27,11.2,,,,,
International Road,S63,2014,7,28,0.0,,,,,
International Road,S63,2014,7,29,46.8,,,,,
International Road,S63,2014,7,30,12.6,,,,,
International Road,S63,2014,7,31,0.0,,,,,
International Road,S63,2014,8,1,2.6,,,,,
International Road,S63,2014,8,2,0.6,,,,,
International Road,S63,2014,8,3,6.0,,,,,
International Road,S63,2014,8,4,0.0,,,,,
International Road,S63,2014,8,5,32.0,,,,,
International Road,S63,2014,8,6,39.4,,,,,
International Road,S63,2014,8,7,4.2,,,,,
International Road,S63,2014,8,8,0.0,,,,,
International Road,S63,2014,8,9,0.0,,,,,
International Road,S63,2014,8,10,4.6,,,,,
International Road,S63,2014,8,11,0.4,,,,,
International Road,S63,2014,8,12,30.8,,,,,
International Road,S63,2014,8,13,0.2,,,,,
International Road,S63,2014,8,14,1.8,,,,,
International Road,S63,2014,8,15,17.6,,,,,
International Road,S63,2014,8,16,0.0,,,,,
International Road,S63,2014,8,17,0.0,,,,,
International Road,S63,2014,8,18,0.0,,,,,
International Road,S63,2014,8,19,7.6,,,,,
International Road,S63,2014,8,20,0.0,,,,,
International Road,S63,2014,8,21,25.2,,,,,
International Road,S63,2014,8,22,0.4,,,,,
International Road,S63,2014,8,23,20.8,,,,,
International Road,S63,2014,8,24,0.0,,,,,
International Road,S63,2014,8,25,2.0,,,,,
International Road,S63,2014,8,26,1.8,,,,,
International Road,S63,2014,8,27,14.6,,,,,
International Road,S63,2014,8,28,28.6,,,,,
International Road,S63,2014,8,29,47.8,,,,,
International Road,S63,2014,8,30,0.0,,,,,
International Road,S63,2014,8,31,0.0,,,,,
International Road,S63,2014,9,1,0.0,,,,,
International Road,S63,2014,9,2,0.0,,,,,
International Road,S63,2014,9,3,83.0,,,,,
International Road,S63,2014,9,4,0.2,,,,,
International Road,S63,2014,9,5,0.0,,,,,
International Road,S63,2014,9,6,6.4,,,,,
International Road,S63,2014,9,7,0.0,,,,,
International Road,S63,2014,9,8,0.0,,,,,
International Road,S63,2014,9,9,0.0,,,,,
International Road,S63,2014,9,10,0.0,,,,,
International Road,S63,2014,9,11,26.0,,,,,
International Road,S63,2014,9,12,0.0,,,,,
International Road,S63,2014,9,13,0.8,,,,,
International Road,S63,2014,9,14,0.0,,,,,
International Road,S63,2014,9,15,0.0,,,,,
International Road,S63,2014,9,16,0.0,,,,,
International Road,S63,2014,9,17,0.0,,,,,
International Road,S63,2014,9,18,0.0,,,,,
International Road,S63,2014,9,19,0.6,,,,,
International Road,S63,2014,9,20,10.6,,,,,
International Road,S63,2014,9,21,4.2,,,,,
International Road,S63,2014,9,22,0.0,,,,,
International Road,S63,2014,9,23,0.0,,,,,
International Road,S63,2014,9,24,15.4,,,,,
International Road,S63,2014,9,25,21.2,,,,,
International Road,S63,2014,9,26,0.0,,,,,
International Road,S63,2014,9,27,0.0,,,,,
International Road,S63,2014,9,28,0.0,,,,,
International Road,S63,2014,9,29,0.0,,,,,
International Road,S63,2014,9,30,0.0,,,,,
International Road,S63,2014,10,1,0.0,,,,,
International Road,S63,2014,10,2,0.0,,,,,
International Road,S63,2014,10,3,0.0,,,,,
International Road,S63,2014,10,4,83.0,,,,,
International Road,S63,2014,10,5,0.4,,,,,
International Road,S63,2014,10,6,0.0,,,,,
International Road,S63,2014,10,7,0.0,,,,,
International Road,S63,2014,10,8,0.0,,,,,
International Road,S63,2014,10,9,0.0,,,,,
International Road,S63,2014,10,10,0.0,,,,,
International Road,S63,2014,10,11,2.6,,,,,
International Road,S63,2014,10,12,0.0,,,,,
International Road,S63,2014,10,13,1.4,,,,,
International Road,S63,2014,10,14,0.4,,,,,
International Road,S63,2014,10,15,1.2,,,,,
International Road,S63,2014,10,16,20.2,,,,,
International Road,S63,2014,10,17,14.2,,,,,
International Road,S63,2014,10,18,36.4,,,,,
International Road,S63,2014,10,19,0.0,,,,,
International Road,S63,2014,10,20,0.0,,,,,
International Road,S63,2014,10,21,12.4,,,,,
International Road,S63,2014,10,22,3.6,,,,,
International Road,S63,2014,10,23,0.0,,,,,
International Road,S63,2014,10,24,0.0,,,,,
International Road,S63,2014,10,25,0.0,,,,,
International Road,S63,2014,10,26,3.4,,,,,
International Road,S63,2014,10,27,0.2,,,,,
International Road,S63,2014,10,28,2.4,,,,,
International Road,S63,2014,10,29,0.0,,,,,
International Road,S63,2014,10,30,0.6,,,,,
International Road,S63,2014,10,31,1.2,,,,,
International Road,S63,2014,11,1,0.0,,,,,
International Road,S63,2014,11,2,0.0,,,,,
International Road,S63,2014,11,3,0.0,,,,,
International Road,S63,2014,11,4,0.0,,,,,
International Road,S63,2014,11,5,1.4,,,,,
International Road,S63,2014,11,6,2.0,,,,,
International Road,S63,2014,11,7,0.2,,,,,
International Road,S63,2014,11,8,14.2,,,,,
International Road,S63,2014,11,9,21.6,,,,,
International Road,S63,2014,11,10,5.8,,,,,
International Road,S63,2014,11,11,3.2,,,,,
International Road,S63,2014,11,12,1.6,,,,,
International Road,S63,2014,11,13,0.0,,,,,
International Road,S63,2014,11,14,2.4,,,,,
International Road,S63,2014,11,15,1.2,,,,,
International Road,S63,2014,11,16,0.0,,,,,
International Road,S63,2014,11,17,,,,,,
International Road,S63,2014,11,18,,,,,,
International Road,S63,2014,11,19,,,,,,
International Road,S63,2014,11,20,,,,,,
International Road,S63,2014,11,21,,,,,,
International Road,S63,2014,11,22,,,,,,
International Road,S63,2014,11,23,,,,,,
International Road,S63,2014,11,24,,,,,,
International Road,S63,2014,11,25,,,,,,
International Road,S63,2014,11,26,17.6,,,,,
International Road,S63,2014,11,27,0.0,,,,,
International Road,S63,2014,11,28,12.5,,,,,
International Road,S63,2014,11,29,0.5,,,,,
International Road,S63,2014,11,30,0.0,,,,,
International Road,S63,2014,12,1,11.0,,,,,
International Road,S63,2014,12,2,0.0,,,,,
International Road,S63,2014,12,3,0.0,,,,,
International Road,S63,2014,12,4,48.5,,,,,
International Road,S63,2014,12,5,0.0,,,,,
International Road,S63,2014,12,6,1.5,,,,,
International Road,S63,2014,12,7,55.0,,,,,
International Road,S63,2014,12,8,5.0,,,,,
International Road,S63,2014,12,9,0.0,,,,,
International Road,S63,2014,12,10,0.0,,,,,
International Road,S63,2014,12,11,53.0,,,,,
International Road,S63,2014,12,12,10.2,,,,,
International Road,S63,2014,12,13,40.4,,,,,
International Road,S63,2014,12,14,0.0,,,,,
International Road,S63,2014,12,15,0.0,,,,,
International Road,S63,2014,12,16,0.0,,,,,
International Road,S63,2014,12,17,62.4,,,,,
International Road,S63,2014,12,18,41.2,,,,,
International Road,S63,2014,12,19,13.2,,,,,
International Road,S63,2014,12,20,12.8,,,,,
International Road,S63,2014,12,21,7.4,,,,,
International Road,S63,2014,12,22,0.0,,,,,
International Road,S63,2014,12,23,0.0,,,,,
International Road,S63,2014,12,24,27.2,,,,,
International Road,S63,2014,12,25,0.0,,,,,
International Road,S63,2014,12,26,41.8,,,,,
International Road,S63,2014,12,27,25.2,,,,,
International Road,S63,2014,12,28,1.0,,,,,
International Road,S63,2014,12,29,12.0,,,,,
International Road,S63,2014,12,30,0.0,,,,,
International Road,S63,2014,12,31,0.0,,,,,
International Road,S63,2015,1,1,0.4,,,,,
International Road,S63,2015,1,2,0.0,,,,,
International Road,S63,2015,1,3,0.0,,,,,
International Road,S63,2015,1,4,0.0,,,,,
International Road,S63,2015,1,5,0.0,,,,,
International Road,S63,2015,1,6,6.6,,,,,
International Road,S63,2015,1,7,14.4,,,,,
International Road,S63,2015,1,8,34.2,,,,,
International Road,S63,2015,1,9,1.6,,,,,
International Road,S63,2015,1,10,0.0,,,,,
International Road,S63,2015,1,11,27.0,,,,,
International Road,S63,2015,1,12,0.2,,,,,
International Road,S63,2015,1,13,0.0,,,,,
International Road,S63,2015,1,14,0.0,,,,,
International Road,S63,2015,1,15,0.0,,,,,
International Road,S63,2015,1,16,0.0,,,,,
International Road,S63,2015,1,17,0.0,,,,,
International Road,S63,2015,1,18,0.0,,,,,
International Road,S63,2015,1,19,0.0,,,,,
International Road,S63,2015,1,20,0.0,,,,,
International Road,S63,2015,1,21,7.8,,,,,
International Road,S63,2015,1,22,0.0,,,,,
International Road,S63,2015,1,23,0.0,,,,,
International Road,S63,2015,1,24,0.0,,,,,
International Road,S63,2015,1,25,0.0,,,,,
International Road,S63,2015,1,26,0.0,,,,,
International Road,S63,2015,1,27,0.0,,,,,
International Road,S63,2015,1,28,0.0,,,,,
International Road,S63,2015,1,29,0.0,,,,,
International Road,S63,2015,1,30,0.0,,,,,
International Road,S63,2015,1,31,0.0,,,,,
International Road,S63,2015,2,1,0.0,,,,,
International Road,S63,2015,2,2,7.6,,,,,
International Road,S63,2015,2,3,0.0,,,,,
International Road,S63,2015,2,4,0.2,,,,,
International Road,S63,2015,2,5,0.0,,,,,
International Road,S63,2015,2,6,12.2,,,,,
International Road,S63,2015,2,7,0.0,,,,,
International Road,S63,2015,2,8,0.0,,,,,
International Road,S63,2015,2,9,0.0,,,,,
International Road,S63,2015,2,10,0.0,,,,,
International Road,S63,2015,2,11,0.0,,,,,
International Road,S63,2015,2,12,0.0,,,,,
International Road,S63,2015,2,13,0.0,,,,,
International Road,S63,2015,2,14,0.0,,,,,
International Road,S63,2015,2,15,0.0,,,,,
International Road,S63,2015,2,16,0.0,,,,,
International Road,S63,2015,2,17,0.0,,,,,
International Road,S63,2015,2,18,5.8,,,,,
International Road,S63,2015,2,19,29.8,,,,,
International Road,S63,2015,2,20,0.0,,,,,
International Road,S63,2015,2,21,0.0,,,,,
International Road,S63,2015,2,22,0.0,,,,,
International Road,S63,2015,2,23,2.2,,,,,
International Road,S63,2015,2,24,0.0,,,,,
International Road,S63,2015,2,25,33.6,,,,,
International Road,S63,2015,2,26,0.2,,,,,
International Road,S63,2015,2,27,0.0,,,,,
International Road,S63,2015,2,28,0.0,,,,,
International Road,S63,2015,3,1,1.2,,,,,
International Road,S63,2015,3,2,64.2,,,,,
International Road,S63,2015,3,3,0.0,,,,,
International Road,S63,2015,3,4,0.0,,,,,
International Road,S63,2015,3,5,0.0,,,,,
International Road,S63,2015,3,6,0.0,,,,,
International Road,S63,2015,3,7,0.0,,,,,
International Road,S63,2015,3,8,0.0,,,,,
International Road,S63,2015,3,9,11.6,,,,,
International Road,S63,2015,3,10,4.0,,,,,
International Road,S63,2015,3,11,13.2,,,,,
International Road,S63,2015,3,12,0.0,,,,,
International Road,S63,2015,3,13,0.0,,,,,
International Road,S63,2015,3,14,47.0,,,,,
International Road,S63,2015,3,15,9.8,,,,,
International Road,S63,2015,3,16,0.0,,,,,
International Road,S63,2015,3,17,0.0,,,,,
International Road,S63,2015,3,18,0.0,,,,,
International Road,S63,2015,3,19,0.0,,,,,
International Road,S63,2015,3,20,0.0,,,,,
International Road,S63,2015,3,21,2.0,,,,,
International Road,S63,2015,3,22,30.4,,,,,
International Road,S63,2015,3,23,0.0,,,,,
International Road,S63,2015,3,24,0.0,,,,,
International Road,S63,2015,3,25,0.0,,,,,
International Road,S63,2015,3,26,0.0,,,,,
International Road,S63,2015,3,27,0.0,,,,,
International Road,S63,2015,3,28,0.0,,,,,
International Road,S63,2015,3,29,13.2,,,,,
International Road,S63,2015,3,30,0.0,,,,,
International Road,S63,2015,3,31,18.0,,,,,
International Road,S63,2015,4,1,9.4,,,,,
International Road,S63,2015,4,2,26.2,,,,,
International Road,S63,2015,4,3,0.0,,,,,
International Road,S63,2015,4,4,0.0,,,,,
International Road,S63,2015,4,5,0.2,,,,,
International Road,S63,2015,4,6,21.4,,,,,
International Road,S63,2015,4,7,0.0,,,,,
International Road,S63,2015,4,8,19.6,,,,,
International Road,S63,2015,4,9,0.0,,,,,
International Road,S63,2015,4,10,0.0,,,,,
International Road,S63,2015,4,11,1.0,,,,,
International Road,S63,2015,4,12,1.0,,,,,
International Road,S63,2015,4,13,0.0,,,,,
International Road,S63,2015,4,14,0.0,,,,,
International Road,S63,2015,4,15,0.0,,,,,
International Road,S63,2015,4,16,0.0,,,,,
International Road,S63,2015,4,17,0.0,,,,,
International Road,S63,2015,4,18,0.2,,,,,
International Road,S63,2015,4,19,27.8,,,,,
International Road,S63,2015,4,20,0.0,,,,,
International Road,S63,2015,4,21,0.6,,,,,
International Road,S63,2015,4,22,16.8,,,,,
International Road,S63,2015,4,23,6.2,,,,,
International Road,S63,2015,4,24,24.4,,,,,
International Road,S63,2015,4,25,2.0,,,,,
International Road,S63,2015,4,26,0.4,,,,,
International Road,S63,2015,4,27,2.2,,,,,
International Road,S63,2015,4,28,48.2,,,,,
International Road,S63,2015,4,29,0.2,,,,,
International Road,S63,2015,4,30,4.4,,,,,
International Road,S63,2015,5,1,0.0,,,,,
International Road,S63,2015,5,2,0.8,,,,,
International Road,S63,2015,5,3,83.2,,,,,
International Road,S63,2015,5,4,0.0,,,,,
International Road,S63,2015,5,5,0.0,,,,,
International Road,S63,2015,5,6,5.4,,,,,
International Road,S63,2015,5,7,14.6,,,,,
International Road,S63,2015,5,8,2.0,,,,,
International Road,S63,2015,5,9,0.0,,,,,
International Road,S63,2015,5,10,0.0,,,,,
International Road,S63,2015,5,11,0.0,,,,,
International Road,S63,2015,5,12,0.0,,,,,
International Road,S63,2015,5,13,0.0,,,,,
International Road,S63,2015,5,14,58.4,,,,,
International Road,S63,2015,5,15,40.0,,,,,
International Road,S63,2015,5,16,0.0,,,,,
International Road,S63,2015,5,17,0.0,,,,,
International Road,S63,2015,5,18,64.4,,,,,
International Road,S63,2015,5,19,5.2,,,,,
International Road,S63,2015,5,20,0.0,,,,,
International Road,S63,2015,5,21,0.0,,,,,
International Road,S63,2015,5,22,19.8,,,,,
International Road,S63,2015,5,23,6.2,,,,,
International Road,S63,2015,5,24,0.0,,,,,
International Road,S63,2015,5,25,0.4,,,,,
International Road,S63,2015,5,26,0.2,,,,,
International Road,S63,2015,5,27,0.0,,,,,
International Road,S63,2015,5,28,0.0,,,,,
International Road,S63,2015,5,29,0.0,,,,,
International Road,S63,2015,5,30,0.0,,,,,
International Road,S63,2015,5,31,0.0,,,,,
International Road,S63,2015,6,1,0.0,,,,,
International Road,S63,2015,6,2,35.2,,,,,
International Road,S63,2015,6,3,0.0,,,,,
International Road,S63,2015,6,4,0.4,,,,,
International Road,S63,2015,6,5,0.0,,,,,
International Road,S63,2015,6,6,4.0,,,,,
International Road,S63,2015,6,7,37.6,,,,,
International Road,S63,2015,6,8,56.2,,,,,
International Road,S63,2015,6,9,0.0,,,,,
International Road,S63,2015,6,10,0.0,,,,,
International Road,S63,2015,6,11,0.0,,,,,
International Road,S63,2015,6,12,27.6,,,,,
International Road,S63,2015,6,13,0.0,,,,,
International Road,S63,2015,6,14,10.6,,,,,
International Road,S63,2015,6,15,0.0,,,,,
International Road,S63,2015,6,16,19.0,,,,,
International Road,S63,2015,6,17,0.0,,,,,
International Road,S63,2015,6,18,0.0,,,,,
International Road,S63,2015,6,19,0.0,,,,,
International Road,S63,2015,6,20,0.0,,,,,
International Road,S63,2015,6,21,0.0,,,,,
International Road,S63,2015,6,22,0.0,,,,,
International Road,S63,2015,6,23,0.0,,,,,
International Road,S63,2015,6,24,0.4,,,,,
International Road,S63,2015,6,25,0.0,,,,,
International Road,S63,2015,6,26,0.0,,,,,
International Road,S63,2015,6,27,0.0,,,,,
International Road,S63,2015,6,28,0.0,,,,,
International Road,S63,2015,6,29,0.0,,,,,
International Road,S63,2015,6,30,0.0,,,,,
International Road,S63,2015,7,1,4.4,,,,,
International Road,S63,2015,7,2,0.0,,,,,
International Road,S63,2015,7,3,0.0,,,,,
International Road,S63,2015,7,4,23.8,,,,,
International Road,S63,2015,7,5,0.0,,,,,
International Road,S63,2015,7,6,0.0,,,,,
International Road,S63,2015,7,7,0.0,,,,,
International Road,S63,2015,7,8,2.2,,,,,
International Road,S63,2015,7,9,0.2,,,,,
International Road,S63,2015,7,10,4.2,,,,,
International Road,S63,2015,7,11,0.2,,,,,
International Road,S63,2015,7,12,0.0,,,,,
International Road,S63,2015,7,13,0.0,,,,,
International Road,S63,2015,7,14,0.8,,,,,
International Road,S63,2015,7,15,0.0,,,,,
International Road,S63,2015,7,16,16.2,,,,,
International Road,S63,2015,7,17,21.4,,,,,
International Road,S63,2015,7,18,0.2,,,,,
International Road,S63,2015,7,19,0.0,,,,,
International Road,S63,2015,7,20,0.0,,,,,
International Road,S63,2015,7,21,0.0,,,,,
International Road,S63,2015,7,22,0.0,,,,,
International Road,S63,2015,7,23,0.2,,,,,
International Road,S63,2015,7,24,0.0,,,,,
International Road,S63,2015,7,25,0.0,,,,,
International Road,S63,2015,7,26,0.0,,,,,
International Road,S63,2015,7,27,0.0,,,,,
International Road,S63,2015,7,28,0.0,,,,,
International Road,S63,2015,7,29,0.0,,,,,
International Road,S63,2015,7,30,0.0,,,,,
International Road,S63,2015,7,31,6.6,,,,,
International Road,S63,2015,8,1,0.2,,,,,
International Road,S63,2015,8,2,0.0,,,,,
International Road,S63,2015,8,3,39.2,,,,,
International Road,S63,2015,8,4,37.4,,,,,
International Road,S63,2015,8,5,0.0,,,,,
International Road,S63,2015,8,6,19.8,,,,,
International Road,S63,2015,8,7,25.8,,,,,
International Road,S63,2015,8,8,5.4,,,,,
International Road,S63,2015,8,9,9.4,,,,,
International Road,S63,2015,8,10,0.0,,,,,
International Road,S63,2015,8,11,27.0,,,,,
International Road,S63,2015,8,12,0.8,,,,,
International Road,S63,2015,8,13,0.0,,,,,
International Road,S63,2015,8,14,0.0,,,,,
International Road,S63,2015,8,15,0.0,,,,,
International Road,S63,2015,8,16,2.4,,,,,
International Road,S63,2015,8,17,0.0,,,,,
International Road,S63,2015,8,18,0.0,,,,,
International Road,S63,2015,8,19,0.0,,,,,
International Road,S63,2015,8,20,0.0,,,,,
International Road,S63,2015,8,21,3.2,,,,,
International Road,S63,2015,8,22,11.2,,,,,
International Road,S63,2015,8,23,0.0,,,,,
International Road,S63,2015,8,24,0.0,,,,,
International Road,S63,2015,8,25,0.8,,,,,
International Road,S63,2015,8,26,0.2,,,,,
International Road,S63,2015,8,27,0.0,,,,,
International Road,S63,2015,8,28,0.0,,,,,
International Road,S63,2015,8,29,0.0,,,,,
International Road,S63,2015,8,30,0.0,,,,,
International Road,S63,2015,8,31,0.0,,,,,
International Road,S63,2015,9,1,0.0,,,,,
International Road,S63,2015,9,2,0.0,,,,,
International Road,S63,2015,9,3,10.8,,,,,
International Road,S63,2015,9,4,0.6,,,,,
International Road,S63,2015,9,5,0.0,,,,,
International Road,S63,2015,9,6,0.0,,,,,
International Road,S63,2015,9,7,0.0,,,,,
International Road,S63,2015,9,8,0.0,,,,,
International Road,S63,2015,9,9,55.6,,,,,
International Road,S63,2015,9,10,0.0,,,,,
International Road,S63,2015,9,11,0.0,,,,,
International Road,S63,2015,9,12,0.0,,,,,
International Road,S63,2015,9,13,0.0,,,,,
International Road,S63,2015,9,14,4.8,,,,,
International Road,S63,2015,9,15,24.8,,,,,
International Road,S63,2015,9,16,15.0,,,,,
International Road,S63,2015,9,17,0.0,,,,,
International Road,S63,2015,9,18,0.0,,,,,
International Road,S63,2015,9,19,0.0,,,,,
International Road,S63,2015,9,20,4.8,,,,,
International Road,S63,2015,9,21,0.0,,,,,
International Road,S63,2015,9,22,0.2,,,,,
International Road,S63,2015,9,23,0.0,,,,,
International Road,S63,2015,9,24,0.0,,,,,
International Road,S63,2015,9,25,0.0,,,,,
International Road,S63,2015,9,26,0.0,,,,,
International Road,S63,2015,9,27,0.0,,,,,
International Road,S63,2015,9,28,34.6,,,,,
International Road,S63,2015,9,29,0.0,,,,,
International Road,S63,2015,9,30,2.0,,,,,
International Road,S63,2015,10,1,0.0,,,,,
International Road,S63,2015,10,2,9.0,,,,,
International Road,S63,2015,10,3,0.0,,,,,
International Road,S63,2015,10,4,0.0,,,,,
International Road,S63,2015,10,5,4.2,,,,,
International Road,S63,2015,10,6,21.2,,,,,
International Road,S63,2015,10,7,17.4,,,,,
International Road,S63,2015,10,8,0.0,,,,,
International Road,S63,2015,10,9,0.0,,,,,
International Road,S63,2015,10,10,0.0,,,,,
International Road,S63,2015,10,11,0.0,,,,,
International Road,S63,2015,10,12,0.0,,,,,
International Road,S63,2015,10,13,0.0,,,,,
International Road,S63,2015,10,14,0.0,,,,,
International Road,S63,2015,10,15,0.0,,,,,
International Road,S63,2015,10,16,0.0,,,,,
International Road,S63,2015,10,17,0.0,,,,,
International Road,S63,2015,10,18,0.0,,,,,
International Road,S63,2015,10,19,0.0,,,,,
International Road,S63,2015,10,20,0.0,,,,,
International Road,S63,2015,10,21,0.0,,,,,
International Road,S63,2015,10,22,0.0,,,,,
International Road,S63,2015,10,23,0.0,,,,,
International Road,S63,2015,10,24,1.0,,,,,
International Road,S63,2015,10,25,4.4,,,,,
International Road,S63,2015,10,26,0.2,,,,,
International Road,S63,2015,10,27,7.6,,,,,
International Road,S63,2015,10,28,10.8,,,,,
International Road,S63,2015,10,29,0.0,,,,,
International Road,S63,2015,10,30,4.8,,,,,
International Road,S63,2015,10,31,6.2,,,,,
International Road,S63,2015,11,1,0.6,,,,,
International Road,S63,2015,11,2,2.2,,,,,
International Road,S63,2015,11,3,0.0,,,,,
International Road,S63,2015,11,4,0.0,,,,,
International Road,S63,2015,11,5,0.0,,,,,
International Road,S63,2015,11,6,3.8,,,,,
International Road,S63,2015,11,7,46.8,,,,,
International Road,S63,2015,11,8,0.2,,,,,
International Road,S63,2015,11,9,6.0,,,,,
International Road,S63,2015,11,10,7.0,,,,,
International Road,S63,2015,11,11,15.0,,,,,
International Road,S63,2015,11,12,0.2,,,,,
International Road,S63,2015,11,13,8.8,,,,,
International Road,S63,2015,11,14,0.0,,,,,
International Road,S63,2015,11,15,0.6,,,,,
International Road,S63,2015,11,16,35.2,,,,,
International Road,S63,2015,11,17,40.2,,,,,
International Road,S63,2015,11,18,0.0,,,,,
International Road,S63,2015,11,19,0.8,,,,,
International Road,S63,2015,11,20,20.0,,,,,
International Road,S63,2015,11,21,3.0,,,,,
International Road,S63,2015,11,22,0.2,,,,,
International Road,S63,2015,11,23,0.0,,,,,
International Road,S63,2015,11,24,20.6,,,,,
International Road,S63,2015,11,25,6.2,,,,,
International Road,S63,2015,11,26,13.8,,,,,
International Road,S63,2015,11,27,6.0,,,,,
International Road,S63,2015,11,28,5.2,,,,,
International Road,S63,2015,11,29,8.2,,,,,
International Road,S63,2015,11,30,3.8,,,,,
International Road,S63,2015,12,1,17.6,,,,,
International Road,S63,2015,12,2,6.4,,,,,
International Road,S63,2015,12,3,18.8,,,,,
International Road,S63,2015,12,4,0.0,,,,,
International Road,S63,2015,12,5,21.4,,,,,
International Road,S63,2015,12,6,4.0,,,,,
International Road,S63,2015,12,7,0.0,,,,,
International Road,S63,2015,12,8,2.0,,,,,
International Road,S63,2015,12,9,0.8,,,,,
International Road,S63,2015,12,10,14.4,,,,,
International Road,S63,2015,12,11,13.2,,,,,
International Road,S63,2015,12,12,18.4,,,,,
International Road,S63,2015,12,13,7.8,,,,,
International Road,S63,2015,12,14,2.4,,,,,
International Road,S63,2015,12,15,0.0,,,,,
International Road,S63,2015,12,16,0.0,,,,,
International Road,S63,2015,12,17,0.0,,,,,
International Road,S63,2015,12,18,0.8,,,,,
International Road,S63,2015,12,19,0.8,,,,,
International Road,S63,2015,12,20,0.0,,,,,
International Road,S63,2015,12,21,0.0,,,,,
International Road,S63,2015,12,22,0.0,,,,,
International Road,S63,2015,12,23,9.4,,,,,
International Road,S63,2015,12,24,15.2,,,,,
International Road,S63,2015,12,25,17.8,,,,,
International Road,S63,2015,12,26,0.0,,,,,
International Road,S63,2015,12,27,0.0,,,,,
International Road,S63,2015,12,28,88.4,,,,,
International Road,S63,2015,12,29,23.0,,,,,
International Road,S63,2015,12,30,0.0,,,,,
International Road,S63,2015,12,31,4.4,,,,,
International Road,S63,2016,1,1,,,,,,
International Road,S63,2016,1,2,,,,,,
International Road,S63,2016,1,3,,,,,,
International Road,S63,2016,1,4,,,,,,
International Road,S63,2016,1,5,0.2,,,,,
International Road,S63,2016,1,6,7.6,,,,,
International Road,S63,2016,1,7,0.0,,,,,
International Road,S63,2016,1,8,0.0,,,,,
International Road,S63,2016,1,9,0.0,,,,,
International Road,S63,2016,1,10,0.0,,,,,
International Road,S63,2016,1,11,50.4,,,,,
International Road,S63,2016,1,12,0.2,,,,,
International Road,S63,2016,1,13,0.8,,,,,
International Road,S63,2016,1,14,7.4,,,,,
International Road,S63,2016,1,15,1.2,,,,,
International Road,S63,2016,1,16,0.4,,,,,
International Road,S63,2016,1,17,18.4,,,,,
International Road,S63,2016,1,18,16.0,,,,,
International Road,S63,2016,1,19,0.6,,,,,
International Road,S63,2016,1,20,13.2,,,,,
International Road,S63,2016,1,21,0.0,,,,,
International Road,S63,2016,1,22,6.8,,,,,
International Road,S63,2016,1,23,39.4,,,,,
International Road,S63,2016,1,24,0.2,,,,,
International Road,S63,2016,1,25,7.0,,,,,
International Road,S63,2016,1,26,1.8,,,,,
International Road,S63,2016,1,27,0.0,,,,,
International Road,S63,2016,1,28,55.2,,,,,
International Road,S63,2016,1,29,25.6,,,,,
International Road,S63,2016,1,30,0.2,,,,,
International Road,S63,2016,1,31,33.4,,,,,
International Road,S63,2016,2,1,0.0,,,,,
International Road,S63,2016,2,2,2.0,,,,,
International Road,S63,2016,2,3,0.0,,,,,
International Road,S63,2016,2,4,4.2,,,,,
International Road,S63,2016,2,5,16.0,,,,,
International Road,S63,2016,2,6,7.8,,,,,
International Road,S63,2016,2,7,17.0,,,,,
International Road,S63,2016,2,8,0.0,,,,,
International Road,S63,2016,2,9,0.0,,,,,
International Road,S63,2016,2,10,0.2,,,,,
International Road,S63,2016,2,11,0.0,,,,,
International Road,S63,2016,2,12,30.0,,,,,
International Road,S63,2016,2,13,0.0,,,,,
International Road,S63,2016,2,14,31.0,,,,,
International Road,S63,2016,2,15,3.2,,,,,
International Road,S63,2016,2,16,0.0,,,,,
International Road,S63,2016,2,17,0.0,,,,,
International Road,S63,2016,2,18,0.0,,,,,
International Road,S63,2016,2,19,86.0,,,,,
International Road,S63,2016,2,20,13.6,,,,,
International Road,S63,2016,2,21,0.0,,,,,
International Road,S63,2016,2,22,0.0,,,,,
International Road,S63,2016,2,23,0.0,,,,,
International Road,S63,2016,2,24,6.6,,,,,
International Road,S63,2016,2,25,0.2,,,,,
International Road,S63,2016,2,26,0.0,,,,,
International Road,S63,2016,2,27,0.0,,,,,
International Road,S63,2016,2,28,2.0,,,,,
International Road,S63,2016,2,29,0.0,,,,,
International Road,S63,2016,3,1,0.0,,,,,
International Road,S63,2016,3,2,0.0,,,,,
International Road,S63,2016,3,3,0.0,,,,,
International Road,S63,2016,3,4,10.0,,,,,
International Road,S63,2016,3,5,0.0,,,,,
International Road,S63,2016,3,6,0.0,,,,,
International Road,S63,2016,3,7,0.0,,,,,
International Road,S63,2016,3,8,45.2,,,,,
International Road,S63,2016,3,9,0.0,,,,,
International Road,S63,2016,3,10,15.6,,,,,
International Road,S63,2016,3,11,0.0,,,,,
International Road,S63,2016,3,12,0.0,,,,,
International Road,S63,2016,3,13,8.2,,,,,
International Road,S63,2016,3,14,20.0,,,,,
International Road,S63,2016,3,15,0.0,,,,,
International Road,S63,2016,3,16,0.0,,,,,
International Road,S63,2016,3,17,3.2,,,,,
International Road,S63,2016,3,18,0.0,,,,,
International Road,S63,2016,3,19,0.0,,,,,
International Road,S63,2016,3,20,2.0,,,,,
International Road,S63,2016,3,21,1.6,,,,,
International Road,S63,2016,3,22,0.0,,,,,
International Road,S63,2016,3,23,0.0,,,,,
International Road,S63,2016,3,24,6.6,,,,,
International Road,S63,2016,3,25,0.0,,,,,
International Road,S63,2016,3,26,0.0,,,,,
International Road,S63,2016,3,27,0.0,,,,,
International Road,S63,2016,3,28,0.0,,,,,
International Road,S63,2016,3,29,0.0,,,,,
International Road,S63,2016,3,30,0.0,,,,,
International Road,S63,2016,3,31,0.0,,,,,
International Road,S63,2016,4,1,0.0,,,,,
International Road,S63,2016,4,2,0.0,,,,,
International Road,S63,2016,4,3,26.0,,,,,
International Road,S63,2016,4,4,0.2,,,,,
International Road,S63,2016,4,5,45.6,,,,,
International Road,S63,2016,4,6,0.0,,,,,
International Road,S63,2016,4,7,0.0,,,,,
International Road,S63,2016,4,8,0.0,,,,,
International Road,S63,2016,4,9,15.4,,,,,
International Road,S63,2016,4,10,6.4,,,,,
International Road,S63,2016,4,11,0.0,,,,,
International Road,S63,2016,4,12,7.8,,,,,
International Road,S63,2016,4,13,1.4,,,,,
International Road,S63,2016,4,14,0.0,,,,,
International Road,S63,2016,4,15,1.8,,,,,
International Road,S63,2016,4,16,2.2,,,,,
International Road,S63,2016,4,17,12.8,,,,,
International Road,S63,2016,4,18,0.0,,,,,
International Road,S63,2016,4,19,0.0,,,,,
International Road,S63,2016,4,20,75.4,,,,,
International Road,S63,2016,4,21,0.0,,,,,
International Road,S63,2016,4,22,4.6,,,,,
International Road,S63,2016,4,23,27.8,,,,,
International Road,S63,2016,4,24,0.2,,,,,
International Road,S63,2016,4,25,2.0,,,,,
International Road,S63,2016,4,26,1.6,,,,,
International Road,S63,2016,4,27,2.8,,,,,
International Road,S63,2016,4,28,0.0,,,,,
International Road,S63,2016,4,29,38.8,,,,,
International Road,S63,2016,4,30,47.0,,,,,
International Road,S63,2016,5,1,0.2,,,,,
International Road,S63,2016,5,2,24.4,,,,,
International Road,S63,2016,5,3,0.0,,,,,
International Road,S63,2016,5,4,0.0,,,,,
International Road,S63,2016,5,5,1.2,,,,,
International Road,S63,2016,5,6,5.6,,,,,
International Road,S63,2016,5,7,9.2,,,,,
International Road,S63,2016,5,8,0.4,,,,,
International Road,S63,2016,5,9,1.2,,,,,
International Road,S63,2016,5,10,0.0,,,,,
International Road,S63,2016,5,11,23.4,,,,,
International Road,S63,2016,5,12,0.0,,,,,
International Road,S63,2016,5,13,1.0,,,,,
International Road,S63,2016,5,14,69.0,,,,,
International Road,S63,2016,5,15,31.8,,,,,
International Road,S63,2016,5,16,1.2,,,,,
International Road,S63,2016,5,17,0.0,,,,,
International Road,S63,2016,5,18,95.2,,,,,
International Road,S63,2016,5,19,0.0,,,,,
International Road,S63,2016,5,20,0.0,,,,,
International Road,S63,2016,5,21,34.2,,,,,
International Road,S63,2016,5,22,25.0,,,,,
International Road,S63,2016,5,23,0.2,,,,,
International Road,S63,2016,5,24,0.2,,,,,
International Road,S63,2016,5,25,12.0,,,,,
International Road,S63,2016,5,26,0.0,,,,,
International Road,S63,2016,5,27,0.0,,,,,
International Road,S63,2016,5,28,0.2,,,,,
International Road,S63,2016,5,29,0.0,,,,,
International Road,S63,2016,5,30,0.8,,,,,
International Road,S63,2016,5,31,0.0,,,,,
International Road,S63,2016,6,1,31.2,,,,,
International Road,S63,2016,6,2,1.4,,,,,
International Road,S63,2016,6,3,0.0,,,,,
International Road,S63,2016,6,4,0.0,,,,,
International Road,S63,2016,6,5,0.0,,,,,
International Road,S63,2016,6,6,5.0,,,,,
International Road,S63,2016,6,7,0.0,,,,,
International Road,S63,2016,6,8,14.6,,,,,
International Road,S63,2016,6,9,22.6,,,,,
International Road,S63,2016,6,10,0.8,,,,,
International Road,S63,2016,6,11,2.2,,,,,
International Road,S63,2016,6,12,0.0,,,,,
International Road,S63,2016,6,13,7.4,,,,,
International Road,S63,2016,6,14,0.4,,,,,
International Road,S63,2016,6,15,4.6,,,,,
International Road,S63,2016,6,16,9.6,,,,,
International Road,S63,2016,6,17,192.2,,,,,
International Road,S63,2016,6,18,2.0,,,,,
International Road,S63,2016,6,19,0.2,,,,,
International Road,S63,2016,6,20,0.0,,,,,
International Road,S63,2016,6,21,0.0,,,,,
International Road,S63,2016,6,22,4.0,,,,,
International Road,S63,2016,6,23,0.0,,,,,
International Road,S63,2016,6,24,35.0,,,,,
International Road,S63,2016,6,25,6.4,,,,,
International Road,S63,2016,6,26,0.0,,,,,
International Road,S63,2016,6,27,0.0,,,,,
International Road,S63,2016,6,28,0.0,,,,,
International Road,S63,2016,6,29,0.0,,,,,
International Road,S63,2016,6,30,0.0,,,,,
International Road,S63,2016,7,1,0.0,,,,,
International Road,S63,2016,7,2,0.0,,,,,
International Road,S63,2016,7,3,0.0,,,,,
International Road,S63,2016,7,4,0.0,,,,,
International Road,S63,2016,7,5,0.0,,,,,
International Road,S63,2016,7,6,10.8,,,,,
International Road,S63,2016,7,7,10.6,,,,,
International Road,S63,2016,7,8,50.2,,,,,
International Road,S63,2016,7,9,0.0,,,,,
International Road,S63,2016,7,10,0.0,,,,,
International Road,S63,2016,7,11,1.6,,,,,
International Road,S63,2016,7,12,0.0,,,,,
International Road,S63,2016,7,13,57.2,,,,,
International Road,S63,2016,7,14,56.2,,,,,
International Road,S63,2016,7,15,22.2,,,,,
International Road,S63,2016,7,16,0.0,,,,,
International Road,S63,2016,7,17,4.0,,,,,
International Road,S63,2016,7,18,0.4,,,,,
International Road,S63,2016,7,19,16.0,,,,,
International Road,S63,2016,7,20,60.5,,,,,
International Road,S63,2016,7,21,21.0,,,,,
International Road,S63,2016,7,22,15.0,,,,,
International Road,S63,2016,7,23,7.5,,,,,
International Road,S63,2016,7,24,3.5,,,,,
International Road,S63,2016,7,25,0.0,,,,,
International Road,S63,2016,7,26,42.5,,,,,
International Road,S63,2016,7,27,0.0,,,,,
International Road,S63,2016,7,28,3.5,,,,,
International Road,S63,2016,7,29,0.0,,,,,
International Road,S63,2016,7,30,0.0,,,,,
International Road,S63,2016,7,31,0.0,,,,,
International Road,S63,2016,8,1,,,,,,
International Road,S63,2016,8,2,,,,,,
International Road,S63,2016,8,3,3.5,,,,,
International Road,S63,2016,8,4,0.0,,,,,
International Road,S63,2016,8,5,0.2,,,,,
International Road,S63,2016,8,6,0.0,,,,,
International Road,S63,2016,8,7,0.0,,,,,
International Road,S63,2016,8,8,0.0,,,,,
International Road,S63,2016,8,9,0.0,,,,,
International Road,S63,2016,8,10,0.0,,,,,
International Road,S63,2016,8,11,0.0,,,,,
International Road,S63,2016,8,12,3.6,,,,,
International Road,S63,2016,8,13,0.0,,,,,
International Road,S63,2016,8,14,0.0,,,,,
International Road,S63,2016,8,15,2.0,,,,,
International Road,S63,2016,8,16,0.0,,,,,
International Road,S63,2016,8,17,1.8,,,,,
International Road,S63,2016,8,18,0.0,,,,,
International Road,S63,2016,8,19,19.2,,,,,
International Road,S63,2016,8,20,0.0,,,,,
International Road,S63,2016,8,21,16.4,,,,,
International Road,S63,2016,8,22,0.0,,,,,
International Road,S63,2016,8,23,0.0,,,,,
International Road,S63,2016,8,24,53.6,,,,,
International Road,S63,2016,8,25,0.0,,,,,
International Road,S63,2016,8,26,0.0,,,,,
International Road,S63,2016,8,27,0.0,,,,,
International Road,S63,2016,8,28,0.0,,,,,
International Road,S63,2016,8,29,0.0,,,,,
International Road,S63,2016,8,30,3.0,,,,,
International Road,S63,2016,8,31,0.0,,,,,
International Road,S63,2016,9,1,23.8,,,,,
International Road,S63,2016,9,2,0.0,,,,,
International Road,S63,2016,9,3,0.0,,,,,
International Road,S63,2016,9,4,1.8,,,,,
International Road,S63,2016,9,5,0.0,,,,,
International Road,S63,2016,9,6,1.4,,,,,
International Road,S63,2016,9,7,50.4,,,,,
International Road,S63,2016,9,8,0.0,,,,,
International Road,S63,2016,9,9,3.2,,,,,
International Road,S63,2016,9,10,18.6,,,,,
International Road,S63,2016,9,11,16.8,,,,,
International Road,S63,2016,9,12,0.4,,,,,
International Road,S63,2016,9,13,0.0,,,,,
International Road,S63,2016,9,14,5.2,,,,,
International Road,S63,2016,9,15,0.0,,,,,
International Road,S63,2016,9,16,6.6,,,,,
International Road,S63,2016,9,17,2.8,,,,,
International Road,S63,2016,9,18,36.6,,,,,
International Road,S63,2016,9,19,8.8,,,,,
International Road,S63,2016,9,20,14.4,,,,,
International Road,S63,2016,9,21,0.4,,,,,
International Road,S63,2016,9,22,0.0,,,,,
International Road,S63,2016,9,23,0.0,,,,,
International Road,S63,2016,9,24,0.0,,,,,
International Road,S63,2016,9,25,1.2,,,,,
International Road,S63,2016,9,26,5.8,,,,,
International Road,S63,2016,9,27,0.0,,,,,
International Road,S63,2016,9,28,1.0,,,,,
International Road,S63,2016,9,29,0.0,,,,,
International Road,S63,2016,9,30,0.0,,,,,
International Road,S63,2016,10,1,0.0,,,,,
International Road,S63,2016,10,2,2.8,,,,,
International Road,S63,2016,10,3,7.6,,,,,
International Road,S63,2016,10,4,0.0,,,,,
International Road,S63,2016,10,5,0.0,,,,,
International Road,S63,2016,10,6,7.2,,,,,
International Road,S63,2016,10,7,74.6,,,,,
International Road,S63,2016,10,8,0.2,,,,,
International Road,S63,2016,10,9,0.0,,,,,
International Road,S63,2016,10,10,0.0,,,,,
International Road,S63,2016,10,11,0.0,,,,,
International Road,S63,2016,10,12,0.0,,,,,
International Road,S63,2016,10,13,0.0,,,,,
International Road,S63,2016,10,14,54.0,,,,,
International Road,S63,2016,10,15,0.0,,,,,
International Road,S63,2016,10,16,5.2,,,,,
International Road,S63,2016,10,17,0.6,,,,,
International Road,S63,2016,10,18,0.0,,,,,
International Road,S63,2016,10,19,13.6,,,,,
International Road,S63,2016,10,20,0.0,,,,,
International Road,S63,2016,10,21,55.6,,,,,
International Road,S63,2016,10,22,0.6,,,,,
International Road,S63,2016,10,23,0.2,,,,,
International Road,S63,2016,10,24,1.8,,,,,
International Road,S63,2016,10,25,62.6,,,,,
International Road,S63,2016,10,26,1.8,,,,,
International Road,S63,2016,10,27,25.0,,,,,
International Road,S63,2016,10,28,2.4,,,,,
International Road,S63,2016,10,29,10.2,,,,,
International Road,S63,2016,10,30,2.0,,,,,
International Road,S63,2016,10,31,0.0,,,,,
International Road,S63,2016,11,1,5.6,,,,,
International Road,S63,2016,11,2,5.2,,,,,
International Road,S63,2016,11,3,2.6,,,,,
International Road,S63,2016,11,4,1.4,,,,,
International Road,S63,2016,11,5,14.2,,,,,
International Road,S63,2016,11,6,1.2,,,,,
International Road,S63,2016,11,7,1.6,,,,,
International Road,S63,2016,11,8,0.0,,,,,
International Road,S63,2016,11,9,0.0,,,,,
International Road,S63,2016,11,10,0.0,,,,,
International Road,S63,2016,11,11,35.0,,,,,
International Road,S63,2016,11,12,2.8,,,,,
International Road,S63,2016,11,13,0.2,,,,,
International Road,S63,2016,11,14,29.8,,,,,
International Road,S63,2016,11,15,26.4,,,,,
International Road,S63,2016,11,16,68.8,,,,,
International Road,S63,2016,11,17,0.0,,,,,
International Road,S63,2016,11,18,3.2,,,,,
International Road,S63,2016,11,19,9.8,,,,,
International Road,S63,2016,11,20,3.2,,,,,
International Road,S63,2016,11,21,0.2,,,,,
International Road,S63,2016,11,22,12.6,,,,,
International Road,S63,2016,11,23,3.8,,,,,
International Road,S63,2016,11,24,0.0,,,,,
International Road,S63,2016,11,25,1.2,,,,,
International Road,S63,2016,11,26,15.4,,,,,
International Road,S63,2016,11,27,3.0,,,,,
International Road,S63,2016,11,28,0.0,,,,,
International Road,S63,2016,11,29,0.0,,,,,
International Road,S63,2016,11,30,0.0,,,,,
International Road,S63,2016,12,1,6.4,,,,,
International Road,S63,2016,12,2,3.6,,,,,
International Road,S63,2016,12,3,0.8,,,,,
International Road,S63,2016,12,4,0.2,,,,,
International Road,S63,2016,12,5,18.2,,,,,
International Road,S63,2016,12,6,0.4,,,,,
International Road,S63,2016,12,7,0.0,,,,,
International Road,S63,2016,12,8,0.2,,,,,
International Road,S63,2016,12,9,0.0,,,,,
International Road,S63,2016,12,10,0.2,,,,,
International Road,S63,2016,12,11,0.8,,,,,
International Road,S63,2016,12,12,0.0,,,,,
International Road,S63,2016,12,13,0.0,,,,,
International Road,S63,2016,12,14,0.0,,,,,
International Road,S63,2016,12,15,0.0,,,,,
International Road,S63,2016,12,16,0.0,,,,,
International Road,S63,2016,12,17,2.8,,,,,
International Road,S63,2016,12,18,36.4,,,,,
International Road,S63,2016,12,19,1.2,,,,,
International Road,S63,2016,12,20,0.0,,,,,
International Road,S63,2016,12,21,0.0,,,,,
International Road,S63,2016,12,22,35.8,,,,,
International Road,S63,2016,12,23,15.4,,,,,
International Road,S63,2016,12,24,2.0,,,,,
International Road,S63,2016,12,25,22.2,,,,,
International Road,S63,2016,12,26,0.0,,,,,
International Road,S63,2016,12,27,10.2,,,,,
International Road,S63,2016,12,28,1.4,,,,,
International Road,S63,2016,12,29,0.0,,,,,
International Road,S63,2016,12,30,0.4,,,,,
International Road,S63,2016,12,31,0.0,,,,,
International Road,S63,2017,1,1,14.8,,,,,
International Road,S63,2017,1,2,2.0,,,,,
International Road,S63,2017,1,3,0.2,,,,,
International Road,S63,2017,1,4,2.0,,,,,
International Road,S63,2017,1,5,2.4,,,,,
International Road,S63,2017,1,6,0.0,,,,,
International Road,S63,2017,1,7,0.0,,,,,
International Road,S63,2017,1,8,0.0,,,,,
International Road,S63,2017,1,9,0.0,,,,,
International Road,S63,2017,1,10,0.0,,,,,
International Road,S63,2017,1,11,0.0,,,,,
International Road,S63,2017,1,12,0.0,,,,,
International Road,S63,2017,1,13,0.0,,,,,
International Road,S63,2017,1,14,0.0,,,,,
International Road,S63,2017,1,15,0.0,,,,,
International Road,S63,2017,1,16,0.0,,,,,
International Road,S63,2017,1,17,0.0,,,,,
International Road,S63,2017,1,18,32.8,,,,,
International Road,S63,2017,1,19,15.0,,,,,
International Road,S63,2017,1,20,2.4,,,,,
International Road,S63,2017,1,21,5.4,,,,,
International Road,S63,2017,1,22,18.8,,,,,
International Road,S63,2017,1,23,78.0,,,,,
International Road,S63,2017,1,24,8.4,,,,,
International Road,S63,2017,1,25,11.6,,,,,
International Road,S63,2017,1,26,2.2,,,,,
International Road,S63,2017,1,27,0.2,,,,,
International Road,S63,2017,1,28,0.2,,,,,
International Road,S63,2017,1,29,0.0,,,,,
International Road,S63,2017,1,30,7.6,,,,,
International Road,S63,2017,1,31,0.0,,,,,
International Road,S63,2017,2,1,0.0,,,,,
International Road,S63,2017,2,2,0.0,,,,,
International Road,S63,2017,2,3,3.2,,,,,
International Road,S63,2017,2,4,0.0,,,,,
International Road,S63,2017,2,5,0.0,,,,,
International Road,S63,2017,2,6,0.0,,,,,
International Road,S63,2017,2,7,0.2,,,,,
International Road,S63,2017,2,8,22.6,,,,,
International Road,S63,2017,2,9,0.2,,,,,
International Road,S63,2017,2,10,0.0,,,,,
International Road,S63,2017,2,11,0.0,,,,,
International Road,S63,2017,2,12,3.6,,,,,
International Road,S63,2017,2,13,1.8,,,,,
International Road,S63,2017,2,14,0.6,,,,,
International Road,S63,2017,2,15,1.4,,,,,
International Road,S63,2017,2,16,0.0,,,,,
International Road,S63,2017,2,17,0.0,,,,,
International Road,S63,2017,2,18,0.0,,,,,
International Road,S63,2017,2,19,0.2,,,,,
International Road,S63,2017,2,20,0.2,,,,,
International Road,S63,2017,2,21,16.2,,,,,
International Road,S63,2017,2,22,0.0,,,,,
International Road,S63,2017,2,23,7.2,,,,,
International Road,S63,2017,2,24,6.6,,,,,
International Road,S63,2017,2,25,13.0,,,,,
International Road,S63,2017,2,26,10.4,,,,,
International Road,S63,2017,2,27,0.0,,,,,
International Road,S63,2017,2,28,12.4,,,,,
International Road,S63,2017,3,1,16.4,,,,,
International Road,S63,2017,3,2,0.0,,,,,
International Road,S63,2017,3,3,33.8,,,,,
International Road,S63,2017,3,4,3.4,,,,,
International Road,S63,2017,3,5,17.4,,,,,
International Road,S63,2017,3,6,5.8,,,,,
International Road,S63,2017,3,7,0.6,,,,,
International Road,S63,2017,3,8,0.8,,,,,
International Road,S63,2017,3,9,0.0,,,,,
International Road,S63,2017,3,10,0.0,,,,,
International Road,S63,2017,3,11,2.8,,,,,
International Road,S63,2017,3,12,21.4,,,,,
International Road,S63,2017,3,13,0.0,,,,,
International Road,S63,2017,3,14,0.0,,,,,
International Road,S63,2017,3,15,0.0,,,,,
International Road,S63,2017,3,16,5.2,,,,,
International Road,S63,2017,3,17,33.0,,,,,
International Road,S63,2017,3,18,14.8,,,,,
International Road,S63,2017,3,19,0.0,,,,,
International Road,S63,2017,3,20,7.0,,,,,
International Road,S63,2017,3,21,0.0,,,,,
International Road,S63,2017,3,22,10.6,,,,,
International Road,S63,2017,3,23,0.0,,,,,
International Road,S63,2017,3,24,0.0,,,,,
International Road,S63,2017,3,25,0.4,,,,,
International Road,S63,2017,3,26,1.4,,,,,
International Road,S63,2017,3,27,0.0,,,,,
International Road,S63,2017,3,28,0.2,,,,,
International Road,S63,2017,3,29,20.2,,,,,
International Road,S63,2017,3,30,6.0,,,,,
International Road,S63,2017,3,31,0.0,,,,,
International Road,S63,2017,4,1,,,,,,
International Road,S63,2017,4,2,,,,,,
International Road,S63,2017,4,3,,,,,,
International Road,S63,2017,4,4,,,,,,
International Road,S63,2017,4,5,5.2,,,,,
International Road,S63,2017,4,6,0.0,,,,,
International Road,S63,2017,4,7,27.0,,,,,
International Road,S63,2017,4,8,1.5,,,,,
International Road,S63,2017,4,9,0.5,,,,,
International Road,S63,2017,4,10,,,,,,
International Road,S63,2017,4,11,0.0,,,,,
International Road,S63,2017,4,12,23.5,,,,,
International Road,S63,2017,4,13,26.5,,,,,
International Road,S63,2017,4,14,28.0,,,,,
International Road,S63,2017,4,15,56.5,,,,,
International Road,S63,2017,4,16,5.5,,,,,
International Road,S63,2017,4,17,45.8,,,,,
International Road,S63,2017,4,18,25.2,,,,,
International Road,S63,2017,4,19,0.0,,,,,
International Road,S63,2017,4,20,0.0,,,,,
International Road,S63,2017,4,21,,,,,,
International Road,S63,2017,4,22,0.0,,,,,
International Road,S63,2017,4,23,0.0,,,,,
International Road,S63,2017,4,24,0.0,,,,,
International Road,S63,2017,4,25,0.8,,,,,
International Road,S63,2017,4,26,3.4,,,,,
International Road,S63,2017,4,27,,,,,,
International Road,S63,2017,4,28,,,,,,
International Road,S63,2017,4,29,0.4,,,,,
International Road,S63,2017,4,30,,,,,,
International Road,S63,2017,5,1,0.0,,,,,
International Road,S63,2017,5,2,,,,,,
International Road,S63,2017,5,3,,,,,,
International Road,S63,2017,5,4,,,,,,
International Road,S63,2017,5,5,,,,,,
International Road,S63,2017,5,6,0.0,,,,,
International Road,S63,2017,5,7,3.8,,,,,
International Road,S63,2017,5,8,0.0,,,,,
International Road,S63,2017,5,9,2.0,,,,,
International Road,S63,2017,5,10,23.6,,,,,
International Road,S63,2017,5,11,1.6,,,,,
International Road,S63,2017,5,12,30.6,,,,,
International Road,S63,2017,5,13,0.0,,,,,
International Road,S63,2017,5,14,0.0,,,,,
International Road,S63,2017,5,15,,,,,,
International Road,S63,2017,5,16,,,,,,
International Road,S63,2017,5,17,0.0,,,,,
International Road,S63,2017,5,18,0.0,,,,,
International Road,S63,2017,5,19,0.0,,,,,
International Road,S63,2017,5,20,0.0,,,,,
International Road,S63,2017,5,21,4.8,,,,,
International Road,S63,2017,5,22,56.2,,,,,
International Road,S63,2017,5,23,2.8,,,,,
International Road,S63,2017,5,24,40.6,,,,,
International Road,S63,2017,5,25,1.0,,,,,
International Road,S63,2017,5,26,11.8,,,,,
International Road,S63,2017,5,27,,,,,,
International Road,S63,2017,5,28,,,,,,
International Road,S63,2017,5,29,0.0,,,,,
International Road,S63,2017,5,30,15.6,,,,,
International Road,S63,2017,5,31,23.2,,,,,
International Road,S63,2017,6,1,4.2,,,,,
International Road,S63,2017,6,2,0.0,,,,,
International Road,S63,2017,6,3,0.0,,,,,
International Road,S63,2017,6,4,0.0,,,,,
International Road,S63,2017,6,5,0.0,,,,,
International Road,S63,2017,6,6,0.0,,,,,
International Road,S63,2017,6,7,0.0,,,,,
International Road,S63,2017,6,8,0.0,,,,,
International Road,S63,2017,6,9,0.0,,,,,
International Road,S63,2017,6,10,23.0,,,,,
International Road,S63,2017,6,11,0.0,,,,,
International Road,S63,2017,6,12,0.0,,,,,
International Road,S63,2017,6,13,0.0,,,,,
International Road,S63,2017,6,14,66.8,,,,,
International Road,S63,2017,6,15,0.0,,,,,
International Road,S63,2017,6,16,27.8,,,,,
International Road,S63,2017,6,17,0.0,,,,,
International Road,S63,2017,6,18,40.2,,,,,
International Road,S63,2017,6,19,0.0,,,,,
International Road,S63,2017,6,20,3.2,,,,,
International Road,S63,2017,6,21,0.0,,,,,
International Road,S63,2017,6,22,0.0,,,,,
International Road,S63,2017,6,23,,,,,,
International Road,S63,2017,6,24,0.0,,,,,
International Road,S63,2017,6,25,0.0,,,,,
International Road,S63,2017,6,26,,,,,,
International Road,S63,2017,6,27,,,,,,
International Road,S63,2017,6,28,29.6,,,,,
International Road,S63,2017,6,29,,,,,,
International Road,S63,2017,6,30,0.0,,,,,
International Road,S63,2017,7,1,,,,,,
International Road,S63,2017,7,2,0.0,,,,,
International Road,S63,2017,7,3,0.0,,,,,
International Road,S63,2017,7,4,0.0,,,,,
International Road,S63,2017,7,5,33.0,,,,,
International Road,S63,2017,7,6,2.0,,,,,
International Road,S63,2017,7,7,0.0,,,,,
International Road,S63,2017,7,8,6.0,,,,,
International Road,S63,2017,7,9,,,,,,
International Road,S63,2017,7,10,0.0,,,,,
International Road,S63,2017,7,11,0.0,,,,,
International Road,S63,2017,7,12,8.0,,,,,
International Road,S63,2017,7,13,,,,,,
International Road,S63,2017,7,14,9.0,,,,,
International Road,S63,2017,7,15,,,,,,
International Road,S63,2017,7,16,0.0,,,,,
International Road,S63,2017,7,17,0.0,,,,,
International Road,S63,2017,7,18,0.0,,,,,
International Road,S63,2017,7,19,0.0,,,,,
International Road,S63,2017,7,20,0.0,,,,,
International Road,S63,2017,7,21,0.0,,,,,
International Road,S63,2017,7,22,0.0,,,,,
International Road,S63,2017,7,23,0.0,,,,,
International Road,S63,2017,7,24,0.0,,,,,
International Road,S63,2017,7,25,0.0,,,,,
International Road,S63,2017,7,26,0.0,,,,,
International Road,S63,2017,7,27,0.0,,,,,
International Road,S63,2017,7,28,0.0,,,,,
International Road,S63,2017,7,29,0.0,,,,,
International Road,S63,2017,7,30,0.0,,,,,
International Road,S63,2017,7,31,0.0,,,,,
International Road,S63,2017,8,1,0.0,,,,,
International Road,S63,2017,8,2,0.0,,,,,
International Road,S63,2017,8,3,0.0,,,,,
International Road,S63,2017,8,4,0.0,,,,,
International Road,S63,2017,8,5,0.0,,,,,
International Road,S63,2017,8,6,0.2,,,,,
International Road,S63,2017,8,7,0.2,,,,,
International Road,S63,2017,8,8,0.4,,,,,
International Road,S63,2017,8,9,0.0,,,,,
International Road,S63,2017,8,10,0.0,,,,,
International Road,S63,2017,8,11,15.4,,,,,
International Road,S63,2017,8,12,15.6,,,,,
International Road,S63,2017,8,13,3.6,,,,,
International Road,S63,2017,8,14,0.0,,,,,
International Road,S63,2017,8,15,65.0,,,,,
International Road,S63,2017,8,16,0.0,,,,,
International Road,S63,2017,8,17,41.6,,,,,
International Road,S63,2017,8,18,0.4,,,,,
International Road,S63,2017,8,19,0.0,,,,,
International Road,S63,2017,8,20,0.0,,,,,
International Road,S63,2017,8,21,0.2,,,,,
International Road,S63,2017,8,22,2.2,,,,,
International Road,S63,2017,8,23,0.0,,,,,
International Road,S63,2017,8,24,25.2,,,,,
International Road,S63,2017,8,25,0.0,,,,,
International Road,S63,2017,8,26,0.0,,,,,
International Road,S63,2017,8,27,5.8,,,,,
International Road,S63,2017,8,28,0.0,,,,,
International Road,S63,2017,8,29,0.4,,,,,
International Road,S63,2017,8,30,0.2,,,,,
International Road,S63,2017,8,31,0.0,,,,,
International Road,S63,2017,9,1,0.0,,,,,
International Road,S63,2017,9,2,0.0,,,,,
International Road,S63,2017,9,3,0.0,,,,,
International Road,S63,2017,9,4,0.0,,,,,
International Road,S63,2017,9,5,0.8,,,,,
International Road,S63,2017,9,6,37.8,,,,,
International Road,S63,2017,9,7,2.0,,,,,
International Road,S63,2017,9,8,12.0,,,,,
International Road,S63,2017,9,9,0.2,,,,,
International Road,S63,2017,9,10,0.8,,,,,
International Road,S63,2017,9,11,19.2,,,,,
International Road,S63,2017,9,12,0.0,,,,,
International Road,S63,2017,9,13,0.0,,,,,
International Road,S63,2017,9,14,58.4,,,,,
International Road,S63,2017,9,15,20.8,,,,,
International Road,S63,2017,9,16,,,,,,
International Road,S63,2017,9,17,18.6,,,,,
International Road,S63,2017,9,18,21.2,,,,,
International Road,S63,2017,9,19,8.2,,,,,
International Road,S63,2017,9,20,,,,,,
International Road,S63,2017,9,21,6.0,,,,,
International Road,S63,2017,9,22,0.0,,,,,
International Road,S63,2017,9,23,2.0,,,,,
International Road,S63,2017,9,24,7.8,,,,,
International Road,S63,2017,9,25,0.0,,,,,
International Road,S63,2017,9,26,15.4,,,,,
International Road,S63,2017,9,27,0.0,,,,,
International Road,S63,2017,9,28,2.6,,,,,
International Road,S63,2017,9,29,28.6,,,,,
International Road,S63,2017,9,30,3.2,,,,,
International Road,S63,2017,10,1,5.4,,,,,
International Road,S63,2017,10,2,0.0,,,,,
International Road,S63,2017,10,3,61.6,,,,,
International Road,S63,2017,10,4,,,,,,
International Road,S63,2017,10,5,,,,,,
International Road,S63,2017,10,6,11.4,,,,,
International Road,S63,2017,10,7,16.6,,,,,
International Road,S63,2017,10,8,0.0,,,,,
International Road,S63,2017,10,9,8.0,,,,,
International Road,S63,2017,10,10,0.8,,,,,
International Road,S63,2017,10,11,12.4,,,,,
International Road,S63,2017,10,12,21.4,,,,,
International Road,S63,2017,10,13,4.0,,,,,
International Road,S63,2017,10,14,0.0,,,,,
International Road,S63,2017,10,15,0.0,,,,,
International Road,S63,2017,10,16,0.0,,,,,
International Road,S63,2017,10,17,0.0,,,,,
International Road,S63,2017,10,18,0.0,,,,,
International Road,S63,2017,10,19,0.0,,,,,
International Road,S63,2017,10,20,0.0,,,,,
International Road,S63,2017,10,21,0.0,,,,,
International Road,S63,2017,10,22,0.0,,,,,
International Road,S63,2017,10,23,0.0,,,,,
International Road,S63,2017,10,24,0.0,,,,,
International Road,S63,2017,10,25,0.0,,,,,
International Road,S63,2017,10,26,0.0,,,,,
International Road,S63,2017,10,27,0.0,,,,,
International Road,S63,2017,10,28,0.0,,,,,
International Road,S63,2017,10,29,31.8,,,,,
International Road,S63,2017,10,30,24.4,,,,,
International Road,S63,2017,10,31,1.4,,,,,
International Road,S63,2017,11,1,0.0,,,,,
International Road,S63,2017,11,2,0.0,,,,,
International Road,S63,2017,11,3,14.6,,,,,
International Road,S63,2017,11,4,8.0,,,,,
International Road,S63,2017,11,5,1.2,,,,,
International Road,S63,2017,11,6,32.0,,,,,
International Road,S63,2017,11,7,0.2,,,,,
International Road,S63,2017,11,8,17.6,,,,,
International Road,S63,2017,11,9,1.6,,,,,
International Road,S63,2017,11,10,1.2,,,,,
International Road,S63,2017,11,11,1.4,,,,,
International Road,S63,2017,11,12,0.2,,,,,
International Road,S63,2017,11,13,5.4,,,,,
International Road,S63,2017,11,14,80.8,,,,,
International Road,S63,2017,11,15,0.2,,,,,
International Road,S63,2017,11,16,0.2,,,,,
International Road,S63,2017,11,17,4.8,,,,,
International Road,S63,2017,11,18,3.0,,,,,
International Road,S63,2017,11,19,0.0,,,,,
International Road,S63,2017,11,20,0.0,,,,,
International Road,S63,2017,11,21,6.6,,,,,
International Road,S63,2017,11,22,15.8,,,,,
International Road,S63,2017,11,23,10.4,,,,,
International Road,S63,2017,11,24,10.4,,,,,
International Road,S63,2017,11,25,31.0,,,,,
International Road,S63,2017,11,26,1.4,,,,,
International Road,S63,2017,11,27,1.4,,,,,
International Road,S63,2017,11,28,10.8,,,,,
International Road,S63,2017,11,29,5.5,,,,,
International Road,S63,2017,11,30,3.0,,,,,
International Road,S63,2017,12,1,0.0,,,,,
International Road,S63,2017,12,2,0.0,,,,,
International Road,S63,2017,12,3,1.0,,,,,
International Road,S63,2017,12,4,4.2,,,,,
International Road,S63,2017,12,5,0.0,,,,,
International Road,S63,2017,12,6,0.0,,,,,
International Road,S63,2017,12,7,0.6,,,,,
International Road,S63,2017,12,8,0.0,,,,,
International Road,S63,2017,12,9,0.0,,,,,
International Road,S63,2017,12,10,64.2,,,,,
International Road,S63,2017,12,11,40.0,,,,,
International Road,S63,2017,12,12,17.6,,,,,
International Road,S63,2017,12,13,0.0,,,,,
International Road,S63,2017,12,14,0.0,,,,,
International Road,S63,2017,12,15,9.0,,,,,
International Road,S63,2017,12,16,0.2,,,,,
International Road,S63,2017,12,17,0.0,,,,,
International Road,S63,2017,12,18,0.0,,,,,
International Road,S63,2017,12,19,,,,,,
International Road,S63,2017,12,20,,,,,,
International Road,S63,2017,12,21,,,,,,
International Road,S63,2017,12,22,,,,,,
International Road,S63,2017,12,23,,,,,,
International Road,S63,2017,12,24,,,,,,
International Road,S63,2017,12,25,,,,,,
International Road,S63,2017,12,26,,,,,,
International Road,S63,2017,12,27,,,,,,
International Road,S63,2017,12,28,,,,,,
International Road,S63,2017,12,29,,,,,,
International Road,S63,2017,12,30,,,,,,
International Road,S63,2017,12,31,,,,,,
International Road,S63,2018,1,1,,,,,,
International Road,S63,2018,1,2,,,,,,
International Road,S63,2018,1,3,,,,,,
International Road,S63,2018,1,4,,,,,,
International Road,S63,2018,1,5,,,,,,
International Road,S63,2018,1,6,,,,,,
International Road,S63,2018,1,7,,,,,,
International Road,S63,2018,1,8,,,,,,
International Road,S63,2018,1,9,,,,,,
International Road,S63,2018,1,10,,,,,,
International Road,S63,2018,1,11,,,,,,
International Road,S63,2018,1,12,,,,,,
International Road,S63,2018,1,13,,,,,,
International Road,S63,2018,1,14,,,,,,
International Road,S63,2018,1,15,,,,,,
International Road,S63,2018,1,16,,,,,,
International Road,S63,2018,1,17,,,,,,
International Road,S63,2018,1,18,,,,,,
International Road,S63,2018,1,19,,,,,,
International Road,S63,2018,1,20,,,,,,
International Road,S63,2018,1,21,,,,,,
International Road,S63,2018,1,22,,,,,,
International Road,S63,2018,1,23,,,,,,
International Road,S63,2018,1,24,,,,,,
International Road,S63,2018,1,25,,,,,,
International Road,S63,2018,1,26,,,,,,
International Road,S63,2018,1,27,,,,,,
International Road,S63,2018,1,28,,,,,,
International Road,S63,2018,1,29,,,,,,
International Road,S63,2018,1,30,,,,,,
International Road,S63,2018,1,31,,,,,,
International Road,S63,2018,2,1,,,,,,
International Road,S63,2018,2,2,,,,,,
International Road,S63,2018,2,3,,,,,,
International Road,S63,2018,2,4,,,,,,
International Road,S63,2018,2,5,,,,,,
International Road,S63,2018,2,6,,,,,,
International Road,S63,2018,2,7,,,,,,
International Road,S63,2018,2,8,,,,,,
International Road,S63,2018,2,9,,,,,,
International Road,S63,2018,2,10,,,,,,
International Road,S63,2018,2,11,,,,,,
International Road,S63,2018,2,12,,,,,,
International Road,S63,2018,2,13,,,,,,
International Road,S63,2018,2,14,,,,,,
International Road,S63,2018,2,15,,,,,,
International Road,S63,2018,2,16,,,,,,
International Road,S63,2018,2,17,,,,,,
International Road,S63,2018,2,18,,,,,,
International Road,S63,2018,2,19,,,,,,
International Road,S63,2018,2,20,,,,,,
International Road,S63,2018,2,21,,,,,,
International Road,S63,2018,2,22,,,,,,
International Road,S63,2018,2,23,,,,,,
International Road,S63,2018,2,24,,,,,,
International Road,S63,2018,2,25,,,,,,
International Road,S63,2018,2,26,,,,,,
International Road,S63,2018,2,27,,,,,,
International Road,S63,2018,2,28,,,,,,
International Road,S63,2018,10,1,,,,,,
International Road,S63,2018,10,2,,,,,,
International Road,S63,2018,10,3,,,,,,
International Road,S63,2018,10,4,,,,,,
International Road,S63,2018,10,5,,,,,,
International Road,S63,2018,10,6,,,,,,
International Road,S63,2018,10,7,,,,,,
International Road,S63,2018,10,8,,,,,,
International Road,S63,2018,10,9,,,,,,
International Road,S63,2018,10,10,,,,,,
International Road,S63,2018,10,11,,,,,,
International Road,S63,2018,10,12,,,,,,
International Road,S63,2018,10,13,,,,,,
International Road,S63,2018,10,14,,,,,,
International Road,S63,2018,10,15,,,,,,
International Road,S63,2018,10,16,,,,,,
International Road,S63,2018,10,17,,,,,,
International Road,S63,2018,10,18,,,,,,
International Road,S63,2018,10,19,,,,,,
International Road,S63,2018,10,20,,,,,,
International Road,S63,2018,10,21,,,,,,
International Road,S63,2018,10,22,,,,,,
International Road,S63,2018,10,23,,,,,,
International Road,S63,2018,10,24,,,,,,
International Road,S63,2018,10,25,,,,,,
International Road,S63,2018,10,26,,,,,,
International Road,S63,2018,10,27,,,,,,
International Road,S63,2018,10,28,,,,,,
International Road,S63,2018,10,29,,,,,,
International Road,S63,2018,10,30,,,,,,
International Road,S63,2018,10,31,,,,,,
